FrontTravel;RearTravel;FrontPressure;RearPressure;LeftBrake;RightBrake
27;19;-2;1;2;-5
24;20;-2;1;1;-4
27;19;-3;0;-3;-7
26;19;-1;1;-4;-6
26;19;-1;2;-3;-3
26;19;-2;3;-5;-5
26;19;-2;1;-6;-11
26;19;-1;1;-5;-7
26;19;0;5;-4;-6
26;19;-1;4;-6;-8
27;20;-5;4;-4;-6
26;19;0;7;-5;-6
26;18;-4;2;-5;-6
26;19;-1;1;-6;-10
26;19;-3;-1;-6;-10
26;19;-1;1;-6;-10
25;19;6;2;-4;-7
26;19;-3;0;-5;-7
27;19;1;3;-5;-5
27;19;-3;-1;-6;-11
27;19;-1;2;-5;-9
26;19;-3;0;-6;-9
26;18;0;6;-4;-5
26;19;4;1;-6;-9
25;20;-2;0;-5;-8
26;19;-6;-1;-6;-10
26;19;0;1;-5;-7
27;19;-5;3;-4;-6
27;19;0;3;-5;-7
26;19;-2;0;-7;-10
26;19;-5;3;-5;-7
26;19;-1;1;-6;-10
26;19;-1;5;-6;-7
26;18;0;1;-6;-10
27;19;-3;1;-5;-7
26;20;-8;2;-5;-9
26;19;-9;1;-5;-5
26;19;-1;1;-5;-7
27;19;-2;1;-6;-9
26;19;-6;2;-6;-9
27;19;-5;3;-4;-6
26;19;2;0;-5;-8
24;19;-6;2;-6;-9
26;19;-2;0;-5;-7
27;19;2;7;-4;-5
26;19;0;1;-5;-8
26;19;-1;1;-5;-5
27;18;-2;2;-5;-9
27;19;-1;2;-6;-9
26;19;5;4;-4;-5
28;19;0;-1;-7;-11
27;19;-2;6;-5;-6
28;18;-7;-1;-6;-11
27;20;-2;0;-4;-8
27;19;-1;1;-6;-8
26;19;-1;1;-4;-4
29;19;1;1;-6;-9
26;19;-2;14;-5;-7
27;19;-1;6;-4;-4
27;19;-3;0;-5;-9
25;19;0;1;-5;-8
26;19;-2;1;-6;-9
26;19;-2;0;-5;-9
26;18;-1;1;-6;-9
26;17;-1;4;-4;-5
28;20;4;8;-7;-9
27;18;-1;3;-5;-8
26;18;-1;2;-5;-8
26;19;-5;1;-5;-8
22;18;8;-1;-5;-9
26;19;-1;1;-6;-8
25;18;0;-1;-6;-8
28;19;-1;1;-5;-7
26;20;-9;0;-6;-8
28;18;0;3;-5;-6
27;19;-3;0;-6;-6
26;19;-7;1;-6;-10
26;19;-2;0;-6;-10
26;19;-4;1;-4;-6
26;20;-1;7;-6;-9
27;18;-1;4;-6;-9
26;18;-9;2;-6;-6
28;18;2;-1;-6;-11
25;19;-3;2;-5;-8
26;19;-3;1;-5;-10
27;20;6;-1;-5;-8
26;19;-2;2;-6;-6
27;19;-3;2;-5;-8
24;20;-7;6;-3;-4
24;19;9;0;-6;-9
25;20;4;2;-6;-8
26;19;-1;-1;-4;-6
26;19;-1;5;-6;-7
25;20;-1;0;-6;-11
24;20;-2;-1;-5;-9
24;20;-1;3;-5;-4
24;20;0;1;-6;-11
21;19;0;1;-4;-7
20;20;6;5;-5;-6
23;20;-1;1;-7;-10
22;21;0;0;-5;-8
22;21;0;0;-6;-9
25;21;-2;9;-5;-8
22;21;3;5;-4;-5
26;21;-7;1;-6;-9
25;22;-2;11;-5;-4
21;21;1;-1;-6;-11
24;21;-3;0;-4;-6
23;21;3;6;-5;-6
22;21;-2;4;-5;-6
22;22;-1;0;-6;-9
22;20;2;1;-6;-9
22;21;-3;1;-6;-11
22;22;-2;0;-6;-9
22;22;7;7;-4;-4
20;22;0;-1;-6;-10
22;22;1;12;-5;-6
18;22;0;0;-6;-10
20;22;-7;1;-5;-6
19;21;-3;3;-5;-8
18;22;-7;1;-6;-10
19;23;0;1;-6;-8
20;22;-4;1;-6;-9
19;23;-2;0;-5;-7
19;22;0;3;-4;-4
19;23;0;-1;-5;-6
19;23;0;0;-6;-10
18;23;0;2;-6;-8
19;24;1;7;-4;-5
19;24;-2;0;-6;-11
19;24;-2;3;-5;-7
17;24;4;10;-4;-7
20;24;-7;1;-7;-11
18;24;0;0;-6;-11
24;24;4;1;-4;-9
17;24;-1;1;-4;-5
19;24;-1;3;-6;-6
18;24;1;1;-4;-6
19;24;0;2;-7;-10
20;24;0;6;-4;-8
19;25;3;3;-5;-7
19;25;2;4;-5;-5
20;25;-5;6;-5;-6
19;25;0;1;-6;-7
19;25;1;0;-5;-10
17;26;12;1;-4;-8
17;25;5;5;-4;-7
20;25;-2;2;-6;-10
22;25;-6;8;-6;-10
18;25;2;0;-5;-10
20;25;0;1;-5;-6
22;24;6;0;-6;-8
19;25;-7;4;-4;-7
20;25;0;0;-5;-8
21;25;2;3;-5;-6
22;25;0;1;-5;-7
21;25;0;1;-6;-7
22;25;-2;4;-5;-6
22;25;-1;0;-6;-11
21;25;0;1;-6;-11
21;25;0;1;-5;-9
22;25;-1;1;-5;-7
22;26;5;9;-4;-8
23;25;1;3;-4;-5
25;25;-7;1;-6;-9
24;25;0;3;-4;-6
24;25;-1;2;-6;-7
20;25;8;0;-5;-9
23;25;2;8;-4;-5
22;25;0;-1;-7;-7
23;25;1;-1;-6;-11
23;25;-2;3;-6;-8
25;25;-1;6;-4;-6
24;25;-1;0;-6;-11
25;25;-3;1;-5;-7
24;25;1;2;-5;-7
24;25;-2;0;-6;-6
24;25;0;1;-6;-11
24;25;-2;2;-6;-10
23;25;-2;2;-4;-8
24;25;-1;5;-4;-7
22;25;1;5;-4;-4
22;25;10;3;-5;-5
24;26;0;2;-5;-6
23;25;-5;1;-5;-8
24;25;1;0;-7;-11
25;25;0;1;-5;-10
25;25;-2;0;-5;-6
24;25;0;1;-6;-11
25;25;-1;0;-5;-8
25;24;9;0;-6;-9
24;24;0;2;-5;-6
24;24;3;6;-4;-5
25;24;-5;3;-5;-9
26;23;-5;-1;-7;-11
26;22;8;11;-5;-8
25;21;-2;-1;-4;-7
22;21;-4;0;-5;-7
25;21;-1;3;-6;-9
24;21;0;0;-6;-9
25;21;-4;-1;-5;-9
27;21;0;0;-5;-9
25;20;0;1;-6;-7
24;19;-3;1;-6;-8
25;20;1;3;-4;-4
25;19;-1;5;-5;-5
24;19;-2;0;-6;-10
24;18;-1;1;-6;-11
25;18;-2;4;-5;-6
25;17;-3;2;-4;-5
25;17;1;1;-6;-11
25;17;-3;-1;-5;-10
22;17;0;2;-5;-7
22;16;-2;0;-6;-9
22;16;-2;2;-5;-7
21;16;-1;2;-6;-9
17;15;-4;5;-4;-5
18;15;0;0;-6;-8
16;14;-4;4;-4;-6
17;14;-3;-1;-7;-10
14;14;-2;6;-5;-5
12;14;-3;2;-5;-6
12;14;-2;0;-7;-11
10;13;-1;0;-6;-11
11;13;-1;0;-5;-9
8;13;-3;0;-5;-9
10;12;4;8;-4;-3
8;12;-3;2;-6;-10
7;12;0;1;-6;-11
6;12;-1;2;-6;-6
6;12;-2;4;-4;-5
7;12;-8;-1;-6;-10
7;11;-9;1;-6;-11
6;11;-3;1;-5;-6
6;12;-1;1;-6;-10
5;11;6;8;-5;-6
6;11;-8;2;-5;-5
6;12;-1;1;-5;-5
6;12;-3;0;-7;-10
4;11;-2;1;-5;-9
7;12;-2;1;-5;-8
7;11;-4;2;-6;-9
10;11;1;-1;-5;-4
10;12;2;-1;-6;-9
9;12;-2;1;-5;-9
10;12;0;0;-5;-8
10;12;-3;4;-6;-7
7;12;-6;0;-5;-8
12;12;-6;2;-5;-9
12;12;-3;1;-4;-6
14;13;-1;1;-6;-10
13;13;-3;-1;-4;-7
16;14;-2;7;-4;-4
17;14;-3;0;-6;-9
16;14;9;1;-5;-8
18;14;6;5;-4;-4
18;15;-2;3;-5;-6
22;16;-2;4;-5;-8
20;17;-4;3;-5;-7
21;17;-3;4;-6;-9
22;19;-2;4;-6;-9
22;20;0;0;-5;-10
24;20;-2;3;-5;-4
22;22;0;-1;-6;-8
28;23;2;1;-5;-10
27;24;-3;-1;-5;-9
30;25;2;-1;-5;-4
31;27;-2;0;-5;-10
33;28;1;5;-4;-6
36;29;-1;0;-5;-5
38;31;-1;1;-6;-11
38;32;0;6;-4;-5
40;33;-1;1;-6;-10
41;33;1;4;-4;-7
40;33;6;1;-6;-11
45;34;-1;1;-5;-10
45;35;0;1;-4;-7
47;37;10;9;-6;-7
48;36;-4;1;-4;-6
48;38;1;-1;-6;-9
53;38;4;2;-4;-6
52;37;-1;7;-6;-5
53;37;-5;4;-4;-5
54;37;0;1;-6;-10
54;37;-6;10;-4;-5
55;38;1;2;-6;-7
56;37;11;1;-6;-11
54;37;2;3;-6;-7
55;37;-2;4;-5;-9
52;37;8;5;-4;-6
54;37;2;0;-6;-9
53;35;7;-1;-5;-9
51;35;16;3;-5;-5
50;36;1;0;-6;-9
51;33;2;3;-5;-6
45;33;10;0;-7;-11
47;32;-1;1;-5;-8
46;32;1;0;-6;-9
45;31;3;4;-4;-6
43;30;0;11;-4;-5
37;28;0;1;-6;-9
39;27;-7;-1;-6;-10
38;26;-1;4;-5;-6
34;24;0;2;-7;-7
33;23;-2;3;-6;-6
32;21;0;3;-5;-8
27;20;-9;7;-5;-8
27;18;-5;2;-5;-8
25;17;6;2;-5;-6
22;16;-2;0;-6;-10
23;14;-7;3;-6;-7
21;16;-1;0;-6;-8
19;12;-2;1;-7;-11
12;11;1;-1;-6;-11
13;10;-3;1;-5;-8
12;10;-3;4;-4;-5
11;9;0;5;-5;-6
10;8;-3;2;-6;-6
10;8;-3;0;-7;-12
8;7;0;1;-5;-8
7;7;-4;3;-6;-10
7;5;-4;3;-6;-7
8;7;-8;-1;-5;-5
6;5;-4;2;-6;-10
5;5;1;5;-4;-7
7;6;-7;-1;-5;-6
5;5;-3;1;-6;-8
7;6;-3;0;-7;-12
6;5;0;3;-6;-10
6;6;1;3;-5;-7
5;6;-2;1;-5;-9
6;5;-5;3;-5;-6
6;5;-2;1;-5;-9
5;5;-4;3;-5;-6
7;6;-4;3;-5;-5
6;6;-5;5;-6;-6
8;6;-3;4;-6;-7
9;6;-2;1;-6;-10
11;7;0;0;-5;-8
12;6;-4;2;-6;-10
12;7;0;2;-4;-6
14;8;-2;0;-6;-9
15;8;-2;5;-5;-5
15;9;-1;0;-6;-11
15;9;-2;1;-5;-9
16;10;-1;2;-4;-4
17;10;-1;7;-4;-5
17;10;-4;0;-6;-7
16;11;-2;1;-6;-11
18;12;-2;0;-5;-9
17;12;-1;1;-4;-6
19;12;-1;2;-5;-7
19;14;1;0;-6;-10
18;14;8;5;-4;-4
20;16;-3;1;-6;-9
21;15;-4;7;-5;-6
24;16;-8;6;-4;-7
24;18;-5;-1;-6;-7
25;19;-3;4;-5;-8
28;21;-5;9;-4;-7
25;20;4;7;-5;-6
29;22;7;0;-5;-10
28;23;0;3;-5;-10
29;24;-3;0;-6;-9
30;25;0;1;-6;-9
33;27;-1;1;-5;-8
33;28;0;0;-4;-6
34;28;0;1;-6;-9
37;29;0;0;-6;-9
36;30;0;0;-5;-7
39;30;0;0;-6;-9
39;30;1;3;-4;-5
41;29;4;6;-4;-4
45;31;2;2;-4;-7
44;29;-6;2;-6;-9
45;31;1;2;-5;-4
45;31;0;1;-5;-9
45;31;-2;0;-6;-10
47;29;1;10;-4;-6
47;31;-2;0;-6;-10
46;31;0;1;-5;-6
45;31;-1;1;-4;-5
45;31;0;0;-5;-9
43;31;-1;3;-5;-9
45;30;-1;6;-5;-6
43;30;-5;3;-5;-6
44;30;-3;7;-4;-6
44;29;-2;1;-7;-11
42;28;0;1;-5;-9
42;28;-4;-1;-5;-6
42;27;0;3;-5;-5
42;27;-2;-1;-7;-11
40;25;0;1;-5;-10
38;25;3;0;-5;-9
38;23;1;1;-5;-7
35;23;-3;2;-5;-7
32;21;0;1;-6;-9
31;21;-2;5;-4;-4
29;19;-2;0;-6;-9
28;18;0;1;-5;-7
27;17;-2;1;-5;-4
25;16;-3;4;-5;-8
25;16;-4;2;-6;-11
21;14;-8;2;-5;-9
20;13;-1;5;-4;-5
18;13;-2;0;-6;-7
17;12;-2;1;-6;-11
16;12;-5;3;-5;-6
15;11;-9;1;-6;-11
13;11;-2;0;-6;-10
16;10;-2;1;-5;-9
15;10;-3;0;-5;-9
14;9;-6;12;-4;-5
12;10;-2;3;-4;-3
12;10;-3;2;-6;-6
11;9;-1;1;-7;-11
13;9;-2;1;-6;-9
12;10;-1;0;-6;-6
10;10;6;-1;-6;-11
12;9;-9;2;-5;-9
10;9;-1;0;-5;-9
10;10;-1;0;-5;-9
13;10;-2;1;-5;-8
10;10;-2;0;-4;-7
13;10;-2;2;-4;-2
14;11;-9;1;-6;-9
14;11;-9;1;-6;-9
20;11;-4;-1;-4;-7
18;12;8;3;-6;-6
19;13;3;2;-4;-6
21;13;-2;0;-6;-10
19;14;-2;2;-4;-4
22;14;-3;1;-6;-10
22;16;-1;10;-4;-5
24;16;0;0;-6;-11
25;17;-3;2;-5;-8
28;17;0;6;-5;-4
27;20;1;0;-4;-7
28;20;0;2;-6;-10
28;22;-7;0;-4;-8
30;22;-1;1;-6;-9
28;25;3;3;-5;-8
32;25;1;2;-4;-6
33;26;-3;-1;-6;-10
33;27;-4;1;-6;-8
35;27;-1;0;-6;-8
36;27;-1;4;-4;-5
36;28;2;4;-4;-6
37;28;2;4;-5;-8
39;28;0;0;-6;-11
38;28;-2;8;-4;-5
37;28;-1;2;-5;-8
39;28;10;1;-7;-10
42;30;-6;6;-4;-7
42;29;0;5;-4;-6
38;29;-3;0;-6;-9
40;29;0;10;-4;-4
41;29;9;0;-6;-6
40;29;0;2;-6;-7
39;29;-2;0;-6;-10
37;29;1;1;-6;-9
38;29;-1;2;-4;-4
38;28;-2;0;-5;-9
36;28;0;1;-5;-9
36;27;1;1;-5;-7
35;26;-1;6;-5;-5
35;25;-2;2;-5;-9
33;24;-7;3;-5;-8
33;24;-1;1;-6;-10
31;24;0;2;-6;-8
32;21;2;1;-5;-7
27;21;0;1;-6;-7
27;20;9;7;-5;-7
25;19;0;1;-7;-8
25;18;-1;1;-6;-10
22;17;-3;0;-5;-5
21;15;-2;1;-5;-9
18;15;-3;0;-5;-8
18;13;-1;1;-6;-9
15;13;-2;3;-4;-5
15;12;-3;1;-6;-7
14;10;-4;0;-7;-10
13;9;3;1;-5;-8
11;9;-6;3;-4;-6
9;8;2;11;-5;-5
9;8;-3;0;-7;-11
8;7;-2;5;-4;-6
7;8;-1;4;-4;-5
8;7;-3;1;-7;-11
6;7;-3;0;-6;-10
7;7;-3;1;-5;-9
8;6;-4;0;-5;-8
7;6;-3;4;-4;-6
8;7;-2;0;-6;-7
8;7;-3;0;-6;-10
8;7;-2;1;-5;-10
9;6;-3;0;-6;-8
10;6;-5;2;-4;-6
11;6;-4;2;-5;-9
12;6;-4;6;-3;-4
13;7;-6;-1;-6;-10
12;8;0;-1;-5;-10
17;8;-7;1;-5;-9
16;9;-2;0;-6;-8
17;9;-2;1;-5;-8
17;10;-5;0;-6;-8
20;10;0;0;-4;-6
20;12;-3;3;-5;-6
20;12;-2;-1;-6;-8
23;13;-3;2;-5;-7
25;13;-8;1;-5;-8
22;15;1;0;-6;-5
26;16;-9;2;-4;-6
26;17;-2;6;-5;-5
28;18;-2;0;-6;-11
28;20;0;4;-4;-6
32;21;-4;10;-6;-11
32;22;0;0;-6;-10
34;23;1;1;-5;-4
36;25;-4;1;-4;-7
38;25;-9;1;-7;-11
38;27;1;0;-5;-10
40;26;4;2;-4;-6
42;28;-6;2;-6;-9
46;27;10;1;-4;-8
44;29;3;9;-6;-7
44;29;-3;-1;-5;-8
45;29;1;0;-5;-9
47;29;-1;2;-5;-8
47;29;-2;5;-5;-3
47;29;-1;3;-5;-5
49;30;9;10;-5;-8
46;28;1;1;-5;-9
45;29;0;4;-4;-4
47;28;0;1;-6;-9
45;29;2;0;-5;-8
46;28;0;3;-6;-9
47;30;0;14;-4;-6
45;26;1;0;-5;-9
44;27;-2;2;-6;-10
42;26;1;2;-4;-7
41;26;-3;-1;-6;-7
37;24;-9;1;-6;-10
37;24;2;0;-5;-6
35;23;-1;1;-6;-11
35;22;-2;0;-5;-9
32;20;-2;1;-4;-3
30;20;-9;3;-5;-5
30;18;-4;3;-6;-8
27;17;-1;2;-4;-7
25;15;-2;1;-7;-11
24;14;-9;-1;-5;-9
20;13;1;8;-4;-6
21;13;-7;0;-7;-11
18;11;-1;0;-5;-6
18;10;-3;2;-6;-12
17;10;4;3;-5;-6
12;10;12;1;-4;-8
14;8;-7;6;-5;-6
15;8;2;0;-6;-10
13;8;-1;2;-4;-6
11;8;-1;1;-6;-10
12;8;-4;4;-5;-7
13;9;6;9;-4;-7
12;8;-3;7;-5;-6
12;8;-2;0;-7;-12
14;8;7;1;-5;-10
12;9;-1;1;-4;-6
12;8;1;1;-5;-5
12;9;0;0;-6;-9
12;8;-6;4;-6;-5
13;8;-4;2;-6;-11
17;8;2;4;-6;-8
15;9;-2;7;-4;-5
17;9;1;-1;-6;-11
18;11;-1;2;-4;-7
19;10;-4;0;-6;-11
20;11;-6;3;-4;-6
24;13;-2;0;-5;-9
24;13;-1;2;-5;-9
22;15;-6;2;-5;-6
24;15;-4;-1;-5;-7
26;15;-4;4;-5;-6
24;17;-8;0;-7;-11
28;17;2;1;-5;-9
28;18;0;1;-4;-4
30;19;-2;0;-6;-9
31;20;-2;3;-5;-7
34;20;5;5;-5;-7
32;22;0;0;-6;-9
34;22;-1;1;-6;-10
33;22;7;-1;-5;-8
35;24;1;3;-5;-6
35;24;0;1;-5;-5
36;24;4;0;-6;-7
36;24;-2;2;-6;-12
37;24;-2;6;-4;-6
35;24;0;1;-6;-8
39;24;5;1;-6;-7
35;24;3;0;-5;-9
36;24;-1;1;-5;-8
35;24;-7;0;-7;-11
36;25;-1;3;-4;-5
35;24;0;-1;-6;-10
38;23;-7;1;-5;-9
31;24;7;0;-5;-8
34;23;-2;5;-4;-5
32;24;0;0;-5;-8
32;22;-1;1;-6;-9
31;23;-3;-1;-5;-9
29;21;0;8;-6;-7
29;20;-3;10;-4;-6
27;20;0;-1;-7;-10
26;19;-2;0;-6;-7
24;17;-2;2;-5;-8
22;17;-2;3;-6;-7
17;16;7;1;-5;-10
19;15;2;0;-5;-8
19;14;0;1;-5;-7
17;12;-3;2;-6;-9
21;12;-7;-1;-5;-8
17;12;2;12;-4;-5
17;11;-8;-1;-6;-11
17;11;-1;0;-5;-8
12;10;-2;1;-6;-8
12;10;-1;1;-5;-6
9;9;0;-1;-5;-8
12;9;-3;7;-5;-5
11;9;2;1;-5;-6
10;9;8;0;-6;-12
13;9;-3;1;-5;-6
13;10;-7;-1;-5;-9
11;9;-1;7;-5;-6
11;10;-1;0;-6;-11
12;10;-4;1;-4;-4
13;9;-3;2;-6;-7
15;10;-3;1;-6;-10
15;10;-3;3;-4;-7
16;11;-2;1;-6;-11
18;13;0;1;-4;-6
18;12;-3;1;-5;-9
20;12;-2;0;-6;-9
20;12;-9;2;-5;-9
23;13;-3;2;-5;-8
26;14;-2;1;-5;-7
26;15;-2;0;-5;-6
27;15;-2;1;-6;-9
26;16;-2;3;-4;-5
30;17;-1;5;-4;-5
29;17;8;-1;-7;-11
33;18;0;4;-4;-6
34;19;-2;4;-5;-5
36;20;-1;3;-5;-7
36;21;0;0;-7;-11
38;21;-7;7;-6;-9
40;23;-9;0;-6;-10
40;23;-1;1;-5;-7
41;24;0;5;-4;-6
42;23;-2;2;-5;-9
44;23;-2;3;-6;-9
44;23;-1;2;-6;-6
44;24;-5;-1;-6;-9
47;23;1;1;-4;-5
44;23;0;0;-5;-8
43;23;2;1;-5;-9
41;24;-3;0;-5;-7
45;23;-1;5;-4;-4
45;23;-2;2;-6;-10
47;23;-5;1;-5;-7
45;22;6;-1;-5;-6
44;22;5;6;-5;-5
43;22;3;6;-5;-6
44;22;-2;0;-6;-11
43;21;5;2;-4;-6
41;19;0;11;-6;-6
40;20;-3;0;-6;-9
39;18;-3;2;-6;-12
39;18;0;3;-6;-10
39;17;7;5;-4;-6
38;16;-1;2;-6;-10
41;15;-1;-1;-5;-5
35;15;-5;0;-5;-7
37;14;-2;2;-6;-10
35;13;-6;1;-7;-10
32;12;-3;2;-6;-11
29;11;-3;2;-4;-8
31;11;-4;1;-5;-9
26;11;-1;2;-4;-3
25;11;-4;3;-4;-5
22;9;-2;3;-7;-9
20;8;-9;2;-5;-9
20;8;-3;3;-5;-5
20;8;6;2;-5;-8
17;9;9;0;-7;-10
18;8;6;5;-4;-6
18;9;-8;2;-6;-9
19;8;-3;1;-5;-10
17;9;7;0;-5;-7
20;9;-2;5;-4;-5
19;8;-3;3;-7;-9
18;9;4;4;-5;-6
20;10;-1;2;-5;-5
19;10;1;2;-6;-11
22;11;-1;5;-4;-7
21;10;-3;1;-6;-10
21;11;-2;7;-4;-5
24;10;-1;2;-6;-11
24;11;-4;2;-5;-9
26;11;-2;-1;-4;-4
27;12;-1;0;-6;-10
28;12;-2;3;-6;-8
31;13;-4;2;-6;-10
29;13;5;2;-4;-5
28;14;-9;1;-5;-5
32;14;-3;0;-6;-10
33;14;-2;3;-5;-6
35;14;-2;-1;-6;-11
36;15;-1;0;-6;-9
38;15;-2;1;-5;-9
35;16;-9;0;-5;-8
38;15;-2;1;-6;-8
39;14;-2;-1;-5;-7
39;15;0;4;-4;-4
39;14;9;8;-5;-7
38;16;0;2;-6;-8
38;15;-3;0;-6;-9
37;15;-9;4;-4;-6
38;15;-2;2;-6;-10
35;15;-4;1;-4;-4
32;15;6;0;-7;-10
34;15;-2;2;-5;-7
34;15;-9;2;-6;-9
30;15;-9;1;-5;-8
31;15;-6;-1;-6;-9
32;14;2;1;-5;-5
31;15;-1;0;-6;-9
32;14;-3;4;-4;-6
32;14;-2;1;-6;-11
30;13;-2;-1;-5;-9
32;15;0;5;-4;-7
32;14;-1;0;-6;-9
31;15;-4;0;-6;-10
29;14;1;2;-4;-5
31;14;-1;0;-6;-6
29;14;-1;1;-5;-7
28;14;-1;0;-6;-11
27;13;-3;0;-5;-10
26;13;-3;2;-5;-4
25;13;-1;1;-6;-11
22;14;-1;0;-6;-9
22;13;-3;1;-5;-4
21;14;1;2;-5;-6
20;13;5;1;-4;-6
20;13;-3;1;-6;-11
20;13;0;1;-4;-7
19;13;-5;10;-4;-5
19;13;1;4;-5;-8
20;14;0;4;-5;-6
19;12;-1;-1;-6;-12
17;13;0;0;-5;-8
14;13;9;4;-6;-6
17;13;-1;0;-5;-8
17;13;-7;4;-5;-8
17;14;7;-1;-5;-9
17;13;-3;1;-6;-9
19;13;-6;-1;-5;-9
20;14;-5;9;-6;-10
19;15;-5;0;-4;-6
22;15;-3;4;-5;-6
22;16;0;0;-6;-10
24;17;-7;-1;-5;-8
27;17;-3;2;-5;-7
27;17;2;1;-6;-8
26;18;-1;3;-6;-6
25;19;-1;1;-6;-10
26;20;0;1;-4;-4
25;20;-2;1;-5;-5
22;20;8;4;-6;-6
22;20;-2;0;-7;-11
18;19;3;12;-4;-7
22;20;-2;5;-5;-6
22;20;0;1;-5;-9
27;20;0;7;-5;-5
31;21;1;4;-4;-6
34;20;-1;4;-5;-8
36;19;-5;2;-5;-8
39;21;-1;10;-4;-5
42;21;-4;6;-5;-6
44;21;0;4;-5;-6
46;22;0;0;-6;-12
49;20;2;4;-4;-7
50;21;1;2;-5;-7
52;21;0;1;-6;-9
47;22;7;0;-5;-7
49;22;-1;4;-4;-6
48;21;-9;8;-7;-9
49;21;-1;0;-6;-10
48;22;0;3;-4;-4
49;22;0;2;-5;-7
48;22;0;0;-6;-11
48;22;-1;1;-6;-7
47;21;-2;0;-5;-8
46;21;-2;0;-6;-7
45;21;0;4;-5;-4
44;20;0;-1;-5;-5
45;20;7;-1;-6;-10
40;17;-1;1;-6;-8
36;15;0;0;-7;-11
35;13;-2;3;-6;-6
35;11;1;0;-5;-6
33;11;-3;0;-6;-10
28;8;-3;2;-6;-8
27;7;-3;1;-6;-11
22;6;1;0;-5;-6
20;5;-3;4;-6;-8
16;5;4;0;-6;-10
16;5;0;5;-4;-4
13;6;3;0;-6;-7
12;6;-8;0;-6;-10
13;6;-4;1;-6;-9
12;7;-3;1;-5;-9
12;7;-7;1;-3;-5
13;7;-3;3;-6;-8
17;8;-4;-1;-6;-10
20;7;-8;3;-5;-7
21;7;5;1;-5;-5
24;8;-3;1;-6;-10
26;8;-3;1;-4;-8
25;9;-2;1;-5;-5
24;10;8;1;-5;-7
23;11;-1;4;-5;-5
22;12;-1;0;-6;-6
20;12;-3;1;-6;-11
20;12;-3;2;-6;-7
18;12;5;7;-4;-7
15;13;-5;5;-6;-10
16;12;-2;4;-6;-10
16;12;4;0;-5;-10
20;12;5;2;-5;-6
22;13;-1;0;-5;-8
32;13;-3;2;-4;-6
35;14;1;3;-4;-6
38;15;-2;0;-6;-7
40;16;6;4;-5;-6
43;17;0;4;-5;-8
45;19;-1;0;-5;-9
48;20;-2;1;-5;-8
50;21;6;1;-4;-5
51;21;1;6;-5;-6
52;22;-1;0;-6;-7
52;22;-2;0;-6;-11
51;23;10;2;-5;-10
51;23;-1;4;-3;-6
52;25;5;1;-5;-7
56;25;-2;3;-5;-9
53;25;0;-1;-7;-11
54;24;7;2;-4;-6
50;25;-9;0;-6;-8
53;25;-4;6;-4;-5
53;25;1;6;-5;-5
51;25;-5;0;-6;-10
49;26;-1;0;-6;-9
50;23;-3;1;-5;-8
50;22;0;3;-6;-8
47;20;-1;1;-6;-9
43;17;7;1;-4;-4
43;15;-3;3;-6;-9
40;14;-1;7;-4;-6
37;11;-2;1;-7;-11
32;10;-6;-1;-6;-10
31;10;-9;2;-4;-6
25;10;-2;1;-6;-7
23;9;-3;1;-6;-7
19;10;0;0;-5;-8
20;10;-3;0;-6;-7
18;9;-2;9;-4;-6
16;9;1;-1;-6;-12
15;9;0;4;-5;-7
16;7;-3;-1;-7;-11
16;6;1;2;-5;-9
15;6;-4;2;-5;-6
14;5;-2;1;-6;-10
15;6;2;3;-5;-6
14;5;-4;2;-6;-10
18;5;-3;1;-5;-9
14;5;-9;0;-5;-9
12;4;6;1;-6;-9
14;6;-7;0;-4;-5
14;5;-3;4;-6;-8
13;5;-2;0;-5;-8
17;5;-3;5;-5;-4
16;4;-3;2;-6;-9
16;5;-2;1;-5;-7
16;5;9;-1;-6;-9
19;5;-3;4;-4;-5
20;5;1;5;-4;-6
20;4;-1;1;-7;-11
19;5;-3;0;-5;-9
22;5;0;6;-4;-5
20;5;-3;2;-5;-6
24;5;-9;1;-5;-8
25;6;-1;0;-6;-7
27;4;-9;-1;-6;-11
27;6;-2;0;-4;-5
31;5;-2;1;-6;-11
31;6;-1;0;-5;-9
31;6;-1;4;-4;-7
32;6;1;2;-5;-7
34;7;-2;3;-5;-6
36;9;-1;2;-6;-9
40;9;0;1;-5;-8
45;11;-6;2;-4;-7
45;11;-2;2;-5;-7
47;12;-2;-1;-5;-8
54;14;5;-1;-5;-9
56;15;-9;2;-6;-9
60;17;0;3;-4;-7
62;19;0;0;-5;-4
65;21;1;4;-4;-5
69;21;10;0;-7;-10
70;23;-1;5;-4;-6
73;25;1;0;-5;-9
73;25;4;2;-4;-6
77;28;-5;-1;-6;-6
80;29;0;1;-6;-10
81;30;10;6;-4;-7
85;29;-2;1;-5;-7
83;33;1;3;-5;-5
86;34;-4;1;-6;-6
88;35;0;0;-6;-11
90;36;0;0;-5;-10
91;37;1;7;-4;-5
92;37;-6;4;-6;-9
90;39;1;2;-4;-7
92;38;2;0;-6;-9
92;40;-4;-1;-5;-7
92;38;-6;1;-6;-10
92;39;12;10;-5;-7
88;39;-1;3;-4;-6
86;39;0;2;-6;-11
85;39;-3;-1;-6;-9
83;39;2;2;-5;-7
78;40;2;1;-5;-6
72;39;5;0;-6;-6
66;39;1;1;-5;-8
60;39;8;12;-5;-8
48;39;11;-1;-7;-10
43;37;-1;2;-7;-11
34;36;-5;10;-6;-10
26;37;-6;3;-5;-7
17;33;0;1;-7;-8
13;32;2;0;-6;-10
10;30;2;2;-6;-9
5;30;-2;10;-5;-7
2;28;-1;0;-6;-9
1;26;-2;2;-5;-6
1;25;0;1;-5;-8
-1;24;0;0;-5;-8
1;22;0;2;-6;-8
3;22;4;1;-5;-4
3;19;-1;1;-6;-10
4;17;2;4;-4;-7
4;16;-4;0;-5;-7
5;15;-3;3;-5;-5
5;13;-2;3;-6;-8
3;12;0;0;-6;-7
8;10;-1;3;-6;-6
3;9;3;-1;-7;-13
6;7;-4;8;-5;-8
6;6;-1;0;-6;-10
6;5;-2;5;-4;-5
6;4;-5;4;-6;-6
6;3;-4;2;-6;-12
5;2;0;2;-5;-8
7;3;-9;-1;-6;-9
6;2;-2;0;-5;-4
5;2;-4;7;-5;-6
6;2;-3;3;-7;-9
4;1;-4;2;-5;-9
6;2;-4;2;-4;-5
5;2;-1;2;-6;-11
7;2;1;7;-4;-5
5;1;-2;5;-4;-6
6;2;-3;17;-5;-7
7;1;-3;1;-6;-11
4;2;7;0;-6;-9
6;2;-3;3;-5;-4
4;2;-3;1;-6;-7
6;1;-4;4;-7;-11
6;1;-3;2;-5;-6
4;2;-3;3;-4;-7
3;2;-3;0;-6;-10
6;1;-3;1;-5;-8
6;2;-1;2;-5;-8
3;2;-3;0;-7;-9
6;1;-4;4;-5;-9
5;1;-3;4;-4;-5
7;2;9;9;-5;-5
5;1;-3;1;-6;-11
6;2;-2;0;-6;-10
5;1;6;1;-5;-9
6;2;-2;0;-5;-9
6;2;-3;0;-5;-7
5;0;5;5;-6;-7
6;1;-3;1;-6;-9
7;1;-4;0;-5;-4
6;1;-3;1;-6;-10
6;2;-5;0;-6;-9
5;1;-3;1;-4;-5
6;1;-1;6;-4;-5
5;2;-7;2;-5;-8
6;2;-2;3;-6;-10
5;1;2;3;-5;-7
5;2;6;0;-6;-10
5;1;7;9;-4;-5
5;2;-2;0;-6;-10
6;2;-2;8;-4;-5
5;1;-2;2;-5;-8
6;2;-3;1;-6;-10
4;2;-5;3;-4;-4
5;1;-3;1;-7;-11
5;2;-3;0;-5;-8
5;2;-4;0;-6;-9
4;1;-2;1;-6;-9
3;2;-4;3;-4;-6
5;2;-5;4;-4;-5
5;1;-4;7;-6;-6
5;1;-4;2;-6;-10
4;1;-9;4;-5;-5
6;2;-5;-1;-6;-10
5;1;-7;2;-4;-7
3;2;-3;0;-6;-7
3;1;-3;1;-6;-11
3;2;-2;1;-6;-10
4;2;-3;0;-6;-9
4;1;-4;3;-5;-5
4;1;0;3;-4;-5
3;2;-4;4;-6;-9
4;1;-5;1;-5;-9
3;2;-2;0;-7;-9
3;2;-3;0;-6;-10
3;1;2;1;-5;-7
3;2;-3;6;-4;-6
1;0;-7;2;-6;-10
4;1;-2;2;-5;-7
3;1;4;4;-5;-9
3;1;1;1;-6;-6
3;2;5;0;-6;-10
5;2;0;9;-5;-5
5;3;-8;2;-5;-7
2;2;-2;1;-6;-10
3;2;-4;2;-5;-7
5;1;-2;4;-4;-4
16;2;-3;-1;-6;-9
32;2;-1;0;-5;-9
51;3;-3;1;-4;-8
73;4;0;3;-2;-3
80;3;-3;4;-3;-5
86;4;2;4;-4;-6
92;3;-3;2;-5;-8
89;4;0;5;-5;-5
94;3;-3;1;-6;-8
97;3;-3;1;-6;-10
99;4;-3;3;-5;-9
98;2;-2;2;-3;-5
100;4;-2;0;-5;-8
99;6;-3;2;-3;-4
98;13;-3;5;-6;-9
100;26;5;5;-4;-6
97;40;-1;9;-6;-11
99;48;2;5;-3;-6
96;53;5;1;-5;-8
100;55;0;1;-5;-9
99;54;-1;3;-5;-7
102;55;5;-1;-7;-10
104;55;-7;4;-4;-5
108;58;3;1;-6;-11
106;63;4;0;-5;-8
111;64;2;0;-5;-7
113;66;1;2;-6;-4
114;68;5;3;-4;-5
116;67;2;0;-6;-11
116;67;2;2;-5;-5
115;67;3;0;-6;-7
114;67;2;2;-6;-12
112;67;-4;2;-6;-10
109;67;-6;3;-5;-8
103;67;4;0;-5;-9
102;67;8;11;-6;-8
97;67;3;0;-6;-7
92;66;12;0;-5;-9
89;65;2;2;-6;-10
87;64;2;3;-5;-7
79;64;9;1;-5;-7
74;61;3;1;-6;-6
69;60;-3;2;-6;-10
66;58;1;7;-5;-7
59;56;-5;3;-6;-7
54;54;1;0;-6;-6
50;52;1;3;-6;-9
45;50;4;1;-7;-12
41;48;3;1;-6;-8
39;45;2;0;-7;-9
32;43;10;0;-5;-9
31;41;-5;1;-5;-7
29;40;0;2;-5;-9
27;37;11;1;-6;-8
24;36;-1;0;-6;-11
21;34;1;7;-5;-5
18;32;2;3;-5;-6
17;31;1;5;-5;-7
16;29;0;2;-6;-10
14;27;2;2;-6;-6
13;26;-1;3;-5;-6
12;24;-1;2;-7;-12
10;23;-2;0;-6;-10
10;21;1;1;-5;-5
9;20;-1;5;-5;-5
8;18;-3;1;-6;-8
7;17;-8;1;-6;-11
7;16;-2;2;-6;-8
8;15;-3;-1;-6;-9
8;16;4;2;-4;-7
7;13;-4;0;-4;-5
6;13;-1;1;-5;-5
6;13;0;0;-6;-8
7;12;-3;1;-6;-11
6;12;5;1;-6;-5
8;10;-2;5;-5;-6
8;12;-2;6;-5;-8
7;11;-3;3;-4;-6
5;10;3;10;-6;-9
7;10;0;1;-5;-9
8;11;-1;0;-6;-9
9;10;-2;1;-5;-9
5;11;-2;0;-5;-8
8;10;-1;-1;-5;-8
8;10;-2;1;-6;-9
9;10;-9;2;-5;-9
7;10;0;5;-3;-6
11;10;-8;1;-6;-6
10;12;2;4;-4;-6
11;11;-3;1;-7;-10
10;12;-4;0;-6;-9
8;11;-1;1;-5;-8
11;11;-5;-1;-5;-8
11;11;-2;1;-5;-8
12;10;-9;9;-5;-8
13;10;-5;1;-4;-5
12;10;1;5;-4;-4
12;11;-1;1;-5;-7
14;11;-3;1;-6;-10
13;11;-3;-1;-6;-10
14;10;10;10;-3;-5
14;12;8;4;-4;-6
15;11;-9;6;-5;-7
17;11;-3;1;-7;-8
17;12;2;7;-5;-6
18;12;-9;1;-6;-11
19;13;4;6;-5;-8
21;12;5;3;-5;-7
17;13;8;0;-6;-9
22;12;-2;1;-5;-8
22;12;-3;2;-6;-6
23;13;2;3;-6;-10
22;13;1;3;-5;-4
24;13;-3;-1;-5;-10
25;14;0;0;-5;-8
25;14;1;5;-4;-5
25;14;-3;0;-7;-11
25;15;-9;1;-6;-10
27;14;7;15;-3;-5
26;15;-2;1;-6;-9
28;17;2;-1;-5;-7
28;16;-2;1;-5;-8
28;16;0;0;-6;-10
28;17;1;1;-4;-8
31;18;-1;1;-4;-6
33;18;-5;1;-5;-7
35;18;-2;3;-6;-8
37;18;-1;2;-4;-6
40;20;0;0;-5;-9
42;19;0;1;-5;-7
43;20;10;0;-5;-7
44;20;-3;3;-5;-7
45;21;-2;0;-5;-8
44;20;6;2;-5;-8
47;21;-2;2;-5;-8
50;21;1;6;-4;-5
46;22;-3;4;-6;-5
46;22;-1;1;-6;-9
49;22;1;2;-6;-10
47;21;0;1;-5;-9
46;22;-5;-1;-5;-9
47;21;-7;4;-4;-5
47;21;1;8;-4;-4
45;21;-1;3;-7;-10
45;21;0;-1;-6;-10
43;21;0;1;-5;-7
39;21;-6;5;-5;-4
40;20;-4;7;-5;-6
39;20;-1;1;-6;-10
37;18;-3;2;-7;-10
34;17;0;3;-5;-9
32;17;-2;7;-4;-5
29;17;0;0;-6;-9
27;17;1;5;-5;-4
26;16;-1;0;-6;-12
25;16;-2;1;-6;-10
22;15;9;11;-5;-4
25;15;-2;1;-6;-10
20;14;-9;5;-3;-5
22;16;-2;1;-6;-7
20;15;0;0;-6;-9
20;14;0;1;-5;-6
17;14;3;1;-4;-8
19;14;0;5;-5;-5
20;15;-5;4;-5;-7
20;15;-1;3;-5;-6
21;14;-3;2;-6;-10
20;14;4;9;-5;-6
21;14;-5;1;-5;-9
23;14;-4;7;-4;-5
22;16;-1;0;-7;-12
22;15;-3;1;-5;-9
24;16;7;10;-6;-10
22;16;-7;3;-4;-6
23;15;-3;5;-4;-6
23;16;-2;1;-6;-9
17;17;10;0;-6;-8
22;16;-1;3;-5;-6
22;16;10;14;-5;-6
22;16;-1;1;-5;-8
25;17;-2;0;-7;-11
29;17;-2;0;-5;-9
28;18;-1;3;-6;-6
27;18;-3;5;-4;-6
27;19;0;-1;-5;-5
29;18;-2;1;-6;-11
29;19;-2;0;-6;-10
30;18;-1;1;-6;-9
31;19;0;0;-5;-9
31;19;-3;4;-5;-3
32;19;-2;2;-6;-9
32;19;-1;1;-6;-9
35;20;-1;0;-5;-7
36;18;0;0;-5;-7
34;20;-1;4;-4;-5
34;19;-2;2;-6;-6
34;19;-9;7;-5;-6
34;19;3;1;-6;-12
36;19;-3;0;-5;-9
33;18;10;17;-4;-6
32;19;-1;0;-5;-9
32;19;-2;1;-6;-9
32;20;-1;3;-5;-9
32;18;2;3;-6;-10
28;19;5;10;-4;-6
32;18;-3;0;-6;-10
32;17;-1;3;-4;-5
33;16;-7;10;-6;-10
30;16;2;4;-4;-6
29;16;-2;1;-6;-9
27;16;2;5;-5;-6
27;15;1;0;-6;-10
26;14;-2;5;-5;-6
26;13;1;3;-5;-7
22;14;6;11;-7;-11
24;13;-1;1;-5;-8
24;13;-2;9;-6;-8
21;12;6;1;-5;-7
19;12;-3;0;-6;-9
18;12;-2;1;-6;-9
18;12;1;6;-4;-4
18;11;-3;0;-7;-10
18;11;-3;2;-6;-10
19;11;-1;3;-5;-6
17;12;-1;0;-6;-9
17;12;-3;0;-5;-8
19;13;-1;8;-5;-4
17;12;-1;1;-6;-10
19;12;-1;1;-5;-8
19;12;-2;2;-5;-7
19;12;-2;7;-4;-6
21;12;-3;3;-6;-8
21;12;0;0;-6;-11
20;13;-2;1;-5;-9
22;13;-1;2;-4;-4
22;14;-2;2;-6;-7
22;14;1;1;-5;-9
20;16;-3;0;-5;-9
23;15;0;2;-6;-9
25;15;-4;2;-4;-7
24;15;5;0;-4;-7
25;16;0;0;-6;-9
26;17;0;0;-6;-10
27;17;-1;3;-5;-9
28;18;-2;3;-5;-6
28;19;-3;-1;-6;-9
28;19;-7;4;-6;-7
30;20;-3;1;-5;-9
27;21;0;0;-6;-9
30;21;-1;1;-5;-8
31;21;-1;7;-3;-4
31;22;-2;3;-4;-4
32;22;0;3;-5;-7
33;22;-1;1;-5;-6
35;22;-3;2;-7;-12
37;21;-3;1;-6;-10
36;22;0;0;-5;-9
38;22;-6;5;-4;-6
36;22;2;4;-4;-6
38;22;2;6;-4;-5
38;22;-2;0;-7;-10
38;22;-1;1;-6;-10
38;23;0;2;-5;-8
38;22;1;3;-5;-5
34;22;0;0;-7;-10
37;21;-1;1;-6;-6
34;21;-1;2;-5;-7
40;21;-7;1;-5;-9
35;20;-1;4;-4;-6
36;18;-5;-1;-6;-11
35;18;0;1;-5;-8
35;17;-1;1;-4;-4
35;18;2;5;-4;-6
36;17;-1;1;-6;-9
30;17;2;3;-5;-6
28;15;-8;5;-6;-6
27;14;-1;3;-5;-6
26;14;-8;-1;-6;-10
26;12;5;7;-5;-6
25;12;-2;1;-6;-11
22;12;6;0;-6;-11
24;11;-6;3;-5;-7
22;11;1;0;-6;-9
20;10;-7;3;-5;-7
19;11;-1;0;-6;-10
20;10;-2;1;-5;-7
17;9;6;11;-6;-9
19;10;-7;0;-4;-6
17;11;-1;0;-6;-9
19;9;-9;5;-6;-6
17;11;-1;2;-6;-9
19;11;-3;2;-5;-6
19;11;-3;0;-5;-8
20;11;-3;0;-6;-10
21;11;-2;2;-5;-7
22;12;1;4;-4;-3
20;12;4;1;-5;-5
24;11;-1;3;-7;-11
22;12;0;3;-4;-6
24;11;-3;2;-5;-9
26;13;1;1;-5;-7
27;13;-3;1;-6;-9
27;13;-3;2;-6;-9
27;14;-1;1;-5;-7
26;14;-1;0;-5;-8
27;14;11;1;-5;-6
31;15;-3;9;-5;-5
29;14;-2;-1;-6;-8
31;15;-3;0;-7;-10
31;14;-2;1;-6;-9
33;16;-2;4;-5;-6
35;15;-9;1;-5;-7
32;16;-8;2;-5;-6
35;16;-7;4;-4;-5
34;15;2;0;-4;-5
34;15;-2;6;-6;-6
32;15;16;8;-6;-9
34;16;-2;1;-7;-11
35;15;-3;2;-5;-9
36;16;-2;3;-4;-7
33;15;3;0;-6;-10
35;16;0;0;-5;-7
35;16;-3;2;-4;-6
35;16;-4;1;-6;-8
36;16;-3;0;-6;-11
35;16;-3;2;-6;-9
35;15;-3;2;-5;-9
39;16;-9;1;-5;-7
36;16;0;8;-4;-5
35;16;-1;3;-4;-6
36;17;-4;-1;-7;-8
34;15;-3;1;-6;-10
31;15;9;0;-6;-10
33;15;-2;1;-5;-8
33;14;-3;2;-4;-8
33;14;-9;7;-4;-4
31;14;7;1;-6;-6
35;14;7;1;-6;-10
32;14;-4;1;-6;-10
30;14;-5;0;-5;-9
32;14;-4;4;-5;-3
29;13;-6;11;-6;-10
29;13;-3;5;-5;-4
28;13;0;0;-6;-10
29;14;2;1;-5;-9
29;14;1;5;-5;-6
28;14;-1;3;-5;-7
30;15;0;4;-5;-7
26;14;-5;0;-6;-11
29;13;-3;4;-5;-5
28;13;1;5;-5;-10
27;13;-9;2;-5;-8
27;14;-1;0;-5;-8
26;14;-7;1;-6;-9
31;14;-7;-1;-6;-6
28;14;-2;0;-6;-10
29;14;-3;2;-4;-4
29;14;-2;0;-6;-10
28;15;-1;0;-6;-6
28;13;0;2;-5;-9
28;15;7;5;-5;-8
29;15;-2;4;-6;-7
30;15;-1;0;-5;-9
28;15;-2;1;-5;-9
29;15;1;4;-4;-5
29;15;-2;2;-4;-6
27;16;-3;2;-6;-11
27;18;-3;1;-5;-7
28;16;0;2;-5;-9
32;16;7;5;-4;-6
31;17;2;0;-6;-10
31;17;-1;5;-4;-4
32;18;-2;0;-6;-11
33;17;-3;2;-5;-9
34;18;-2;2;-6;-9
34;18;-2;3;-6;-7
35;19;-1;3;-6;-8
38;19;1;2;-4;-7
35;19;0;2;-4;-4
33;18;10;1;-6;-11
34;20;-8;0;-5;-9
35;18;-2;0;-5;-8
35;18;-4;2;-4;-4
36;19;0;1;-5;-8
35;20;-5;0;-5;-8
36;18;-1;2;-6;-7
38;19;-6;4;-6;-10
36;19;-1;0;-5;-9
36;19;-1;1;-6;-10
37;18;-3;2;-5;-8
34;17;6;6;-4;-5
38;18;-4;0;-6;-6
35;18;-4;1;-5;-6
32;17;5;5;-4;-8
31;16;9;5;-6;-9
31;16;-2;5;-4;-6
31;15;-4;-1;-5;-7
29;14;0;0;-6;-10
27;14;3;4;-6;-9
25;14;2;1;-6;-6
26;14;-3;4;-4;-7
26;13;-5;1;-7;-11
24;13;-4;2;-5;-10
23;12;-2;1;-6;-7
22;12;1;9;-4;-5
26;12;-8;4;-5;-9
23;11;-5;4;-4;-6
22;11;-2;1;-6;-11
19;11;7;2;-4;-5
22;12;-3;7;-4;-6
19;11;-2;3;-7;-10
19;11;-3;-1;-6;-10
18;11;-2;0;-5;-9
19;11;-3;0;-5;-9
19;10;-1;4;-4;-7
21;10;-2;0;-5;-3
19;11;-1;3;-7;-9
18;11;0;1;-5;-7
17;11;10;0;-6;-7
20;11;-3;1;-6;-10
19;12;5;1;-5;-5
20;12;0;2;-6;-7
24;13;-9;-1;-5;-10
20;12;-9;9;-3;-5
20;12;-3;0;-6;-10
21;12;-8;-1;-5;-9
24;11;1;4;-4;-9
24;12;-4;5;-4;-5
27;12;-3;-1;-5;-9
23;12;7;4;-6;-10
25;13;-2;1;-5;-9
29;13;2;-1;-5;-8
27;13;-3;1;-6;-9
29;14;-3;2;-4;-3
29;14;-3;-1;-5;-8
31;14;0;6;-4;-5
29;14;-3;2;-6;-10
31;15;-1;3;-4;-7
32;14;-3;3;-6;-6
32;15;-2;1;-6;-7
31;16;0;0;-6;-10
31;16;5;1;-6;-10
32;16;-3;2;-3;-5
37;16;2;1;-6;-9
35;17;0;0;-6;-10
36;18;-1;3;-4;-3
37;18;-3;3;-4;-5
37;18;-1;1;-6;-11
38;18;7;0;-5;-9
38;18;-3;1;-5;-8
36;18;2;0;-4;-8
37;18;-1;1;-6;-7
37;18;-3;4;-4;-5
35;18;-4;5;-6;-6
35;18;-2;2;-6;-10
36;18;7;2;-4;-8
33;19;-8;0;-5;-6
35;19;-2;-1;-6;-10
30;20;-9;3;-4;-5
31;18;0;3;-5;-6
33;19;-2;-1;-6;-9
31;18;-3;0;-6;-6
29;17;0;-1;-5;-9
30;17;-7;10;-6;-11
27;17;0;0;-5;-8
29;16;5;7;-5;-4
24;17;1;8;-4;-5
24;17;-3;1;-6;-9
25;16;0;5;-5;-6
23;16;7;11;-6;-11
23;16;-5;-1;-5;-10
24;17;-7;-1;-5;-9
20;17;1;0;-5;-9
24;16;-5;8;-5;-9
21;17;0;0;-5;-7
22;17;0;8;-3;-4
21;17;0;0;-6;-7
21;17;-1;3;-7;-10
19;16;-3;2;-5;-9
21;17;-1;1;-5;-10
22;17;0;0;-5;-7
21;17;5;1;-6;-9
24;17;0;1;-4;-4
25;17;1;2;-4;-7
27;18;-1;2;-6;-10
27;20;-1;3;-4;-6
28;18;-3;4;-6;-9
28;17;-3;3;-5;-8
30;18;0;0;-6;-9
31;18;0;4;-4;-5
31;19;2;2;-5;-8
37;19;-4;2;-5;-7
36;18;0;0;-6;-10
37;19;-1;4;-4;-5
36;18;-8;10;-5;-10
40;19;-8;2;-5;-8
36;19;0;0;-6;-9
38;19;-1;14;-3;-4
36;19;0;0;-6;-9
38;19;-1;1;-6;-9
37;19;-1;1;-5;-8
38;18;-2;8;-4;-5
37;18;4;2;-4;-6
38;17;-2;7;-5;-7
36;18;-8;0;-6;-11
36;16;-1;0;-5;-9
36;16;-3;5;-5;-5
40;16;-8;-1;-6;-10
33;16;0;1;-5;-6
33;15;-3;2;-5;-8
32;14;-4;2;-7;-11
33;14;5;1;-6;-10
29;14;0;0;-5;-9
28;13;2;3;-6;-8
24;12;9;2;-6;-7
25;11;-4;1;-5;-7
22;11;0;5;-4;-5
24;10;-2;-1;-6;-9
20;9;-3;3;-5;-6
20;9;-3;4;-6;-6
15;9;6;0;-6;-9
16;8;4;4;-5;-6
14;9;-1;0;-7;-12
14;8;-2;1;-6;-10
11;8;2;0;-6;-10
11;9;-3;0;-5;-9
15;8;0;2;-5;-8
13;8;-3;7;-4;-5
12;9;-5;1;-5;-8
12;7;0;4;-5;-6
14;8;-2;0;-6;-9
15;9;4;5;-4;-5
17;9;-2;1;-7;-11
18;11;-3;5;-4;-7
20;11;-1;5;-4;-5
22;12;0;3;-6;-9
21;13;-2;0;-5;-7
22;13;-1;5;-5;-6
21;14;-9;7;-4;-6
22;15;-2;0;-6;-11
22;16;0;0;-6;-10
23;16;-2;0;-6;-9
21;16;-9;2;-6;-8
24;17;0;1;-4;-7
22;18;0;0;-5;-5
24;18;-9;2;-4;-7
27;18;0;2;-6;-8
29;19;5;8;-3;-5
31;19;-2;-1;-6;-10
32;20;-2;0;-4;-5
35;21;-1;5;-6;-8
36;20;2;2;-3;-6
36;21;0;0;-6;-10
40;22;1;2;-5;-9
41;22;-1;5;-4;-7
42;22;-1;1;-6;-11
45;23;0;0;-5;-10
46;23;-1;7;-5;-8
52;24;10;2;-5;-5
52;24;2;3;-6;-8
53;25;0;1;-5;-7
54;25;1;2;-4;-8
54;26;-1;1;-4;-4
56;25;-1;1;-5;-10
56;25;-9;2;-6;-9
59;26;-5;0;-5;-9
60;24;-6;1;-4;-7
57;24;-1;6;-4;-5
55;24;5;-1;-7;-11
57;21;0;6;-4;-7
60;22;-6;0;-5;-6
55;20;-1;1;-7;-12
52;21;-5;0;-5;-9
52;20;-8;0;-6;-9
48;20;2;3;-3;-5
50;20;11;2;-5;-5
44;22;-1;0;-5;-9
46;20;2;-1;-5;-6
43;20;0;3;-5;-6
42;20;-1;1;-7;-11
40;20;-2;0;-6;-11
40;20;-2;0;-6;-10
38;20;-1;3;-5;-9
38;19;1;5;-5;-6
36;20;0;0;-5;-7
37;19;-1;2;-6;-9
32;19;2;2;-4;-5
33;19;-7;7;-6;-9
33;18;-1;0;-5;-8
27;16;-2;2;-6;-8
26;15;-4;8;-5;-4
25;14;-3;3;-5;-8
24;14;-1;0;-7;-10
20;13;2;3;-4;-6
21;12;-1;9;-7;-9
20;11;-2;2;-5;-9
19;12;-1;-1;-5;-8
17;10;-7;4;-5;-7
16;10;-3;2;-7;-10
15;10;2;1;-6;-9
13;10;-6;5;-4;-6
12;8;-1;5;-5;-7
11;9;-1;0;-7;-11
11;8;-3;1;-6;-9
10;8;1;0;-5;-10
11;7;0;0;-5;-7
7;7;10;12;-4;-6
10;8;0;5;-4;-5
7;8;16;4;-5;-5
10;7;-3;1;-6;-11
11;9;5;-1;-5;-8
8;8;-3;1;-6;-10
10;7;2;1;-5;-5
10;8;-3;0;-6;-10
12;9;2;2;-4;-5
12;8;-7;1;-6;-10
14;8;3;1;-4;-7
16;9;-2;8;-5;-7
17;10;1;-1;-6;-11
18;10;-2;1;-5;-10
18;11;-1;0;-6;-8
19;11;-3;2;-5;-7
19;11;-3;2;-5;-8
21;11;-2;1;-5;-8
22;13;6;1;-3;-4
22;14;-3;0;-5;-9
24;15;-1;2;-5;-8
24;17;1;2;-4;-6
24;17;1;1;-5;-8
26;17;-3;5;-5;-4
29;18;-7;4;-6;-9
31;20;-3;-1;-5;-9
27;20;10;0;-4;-7
31;22;-8;0;-4;-4
31;21;0;0;-6;-11
34;23;0;3;-5;-7
31;24;0;3;-6;-7
33;24;-3;5;-4;-5
36;25;9;12;-6;-11
38;25;-7;4;-4;-6
36;26;-5;-1;-6;-10
36;26;2;1;-4;-8
35;28;-5;-1;-5;-5
38;28;0;1;-6;-10
38;28;-2;-1;-5;-9
36;28;-3;-1;-6;-9
39;29;-6;0;-5;-9
38;28;1;-1;-6;-8
39;28;-1;3;-4;-3
38;28;0;2;-6;-9
41;29;0;2;-6;-9
38;28;3;7;-4;-5
38;29;0;1;-5;-5
39;28;-3;-1;-7;-9
37;28;1;11;-5;-6
39;28;0;1;-6;-11
40;29;1;0;-5;-9
36;28;-9;2;-6;-7
38;30;-5;2;-5;-5
37;30;3;3;-5;-8
36;27;-3;-1;-5;-8
36;27;4;8;-7;-11
34;25;-1;2;-6;-9
34;24;0;1;-4;-6
28;24;7;0;-6;-9
31;22;-1;1;-6;-9
29;22;0;0;-6;-10
28;20;-6;2;-4;-7
26;20;2;9;-5;-5
24;18;5;1;-5;-9
25;17;-3;2;-6;-9
24;16;-2;1;-6;-11
22;15;8;4;-4;-5
20;14;-2;1;-7;-10
19;13;-1;0;-6;-10
17;11;1;4;-4;-6
17;10;-1;0;-6;-10
15;9;7;0;-5;-8
15;7;-2;2;-5;-7
13;7;-3;2;-4;-4
12;7;-6;0;-6;-10
11;5;-8;1;-6;-9
12;5;-1;0;-5;-7
11;4;-1;6;-4;-5
10;4;-6;1;-5;-6
11;4;-2;6;-5;-5
10;3;-6;5;-6;-7
10;3;-3;1;-7;-12
13;3;-3;10;-5;-8
10;3;-3;1;-5;-9
8;4;2;1;-5;-7
10;3;-3;1;-6;-9
12;3;-3;0;-6;-9
12;3;-3;2;-5;-7
12;3;-3;3;-5;-6
13;3;-9;9;-5;-8
13;3;-2;1;-5;-9
12;3;-3;1;-5;-8
13;4;-2;0;-6;-7
14;3;4;3;-5;-7
14;4;-6;5;-5;-3
15;4;-3;4;-4;-6
12;4;-4;-1;-7;-11
18;3;-3;1;-6;-9
15;4;-3;10;-6;-10
18;3;-3;1;-5;-5
19;4;-2;0;-6;-10
19;3;-3;1;-5;-7
20;3;-8;-1;-5;-9
18;4;-2;0;-6;-9
22;3;-4;2;-6;-8
22;3;-3;1;-5;-7
22;4;-2;0;-6;-8
25;3;1;1;-5;-8
25;5;-2;1;-4;-6
27;5;-3;3;-4;-3
31;6;9;7;-4;-6
32;6;-4;5;-5;-5
35;7;-5;2;-6;-11
38;8;1;4;-5;-10
40;10;-7;-1;-4;-4
42;11;0;0;-6;-10
45;13;0;3;-5;-7
52;16;3;5;-3;-5
56;17;3;1;-4;-5
59;20;4;0;-5;-7
61;21;-2;2;-6;-11
64;23;-2;1;-4;-8
68;25;3;1;-5;-9
69;27;-1;1;-5;-9
74;28;-5;5;-4;-6
75;30;1;6;-3;-4
78;33;0;4;-5;-5
80;34;1;1;-4;-7
81;36;-1;3;-6;-8
84;37;1;6;-4;-6
87;39;1;1;-6;-11
90;40;1;1;-5;-10
92;41;2;0;-4;-8
93;42;1;0;-6;-10
94;42;2;3;-3;-4
95;43;0;2;-6;-10
94;43;0;2;-5;-8
95;44;-1;-1;-4;-6
95;45;-1;-1;-5;-7
93;45;11;4;-4;-6
92;45;2;0;-7;-11
93;45;10;1;-5;-9
92;45;2;0;-5;-8
87;44;-3;1;-5;-7
87;45;1;2;-5;-8
83;45;1;3;-5;-4
81;47;-3;0;-7;-9
75;45;3;3;-5;-7
69;45;2;4;-5;-6
62;44;0;1;-7;-11
54;43;-1;-1;-6;-10
50;42;2;1;-5;-5
44;39;-1;5;-5;-8
40;39;-2;-1;-7;-10
29;38;2;3;-5;-8
24;36;-9;4;-5;-7
16;34;7;0;-6;-10
13;32;0;4;-7;-9
9;31;0;0;-7;-11
6;28;-1;3;-5;-5
4;26;-2;3;-7;-11
3;24;1;2;-5;-9
2;22;0;0;-6;-9
3;21;-9;6;-4;-6
1;18;3;0;-6;-10
2;16;-2;1;-6;-9
2;14;-2;7;-5;-4
3;12;-1;-1;-7;-10
3;9;-3;2;-5;-8
5;8;-2;0;-5;-9
4;7;-2;0;-6;-10
5;5;0;1;-5;-6
5;4;-2;3;-4;-4
3;3;-9;1;-5;-9
5;3;-2;3;-7;-8
5;1;-3;0;-5;-6
5;1;-4;6;-4;-5
3;1;-3;1;-7;-11
3;2;-2;0;-6;-9
4;1;-3;1;-5;-7
6;2;6;10;-5;-5
6;1;0;5;-5;-5
5;2;-4;-1;-7;-12
5;2;-2;2;-5;-8
5;1;-2;4;-4;-6
4;1;1;12;-5;-6
5;2;-4;2;-5;-5
5;1;-3;2;-6;-8
7;2;-3;2;-6;-11
6;0;0;1;-5;-8
5;2;-5;-1;-5;-7
5;2;-4;1;-4;-5
3;0;-9;2;-6;-9
5;1;-3;1;-6;-10
5;2;-2;0;-6;-8
3;1;3;1;-5;-9
5;2;1;2;-4;-6
5;1;-3;7;-5;-4
5;2;-3;1;-5;-6
5;1;-4;0;-6;-11
4;3;-3;11;-6;-10
5;1;-3;1;-5;-9
6;2;0;5;-5;-5
5;1;-9;1;-5;-9
3;2;-1;0;-5;-9
4;1;0;-1;-6;-10
3;2;-2;0;-5;-9
5;2;-3;4;-4;-5
5;1;-4;2;-7;-10
5;2;-4;3;-4;-5
5;2;-4;2;-5;-7
3;1;-7;-1;-6;-10
5;2;-3;3;-5;-7
5;2;-4;4;-6;-7
5;2;-2;1;-5;-8
4;3;2;-1;-5;-7
5;2;-3;0;-6;-10
5;1;-6;4;-4;-6
5;2;-3;4;-6;-8
5;2;-3;2;-6;-9
5;2;2;3;-5;-6
5;1;-1;0;-5;-11
5;2;-4;1;-5;-6
4;1;-3;2;-4;-9
5;2;0;7;-4;-4
5;2;-4;1;-5;-10
5;1;-2;9;-4;-5
5;1;1;4;-5;-6
2;2;7;5;-5;-7
6;2;-4;1;-6;-11
5;1;-3;2;-5;-9
3;2;-1;0;-5;-9
6;1;1;3;-5;-8
3;1;-3;1;-5;-8
4;2;-2;0;-5;-8
5;1;-3;1;-5;-7
5;2;-3;0;-5;-8
5;1;-3;-1;-4;-5
6;1;0;1;-6;-8
5;2;-3;0;-7;-10
3;1;1;5;-3;-4
3;1;-5;3;-6;-8
5;2;1;6;-4;-5
3;2;0;1;-5;-9
4;2;-2;0;-6;-11
4;2;-2;1;-5;-8
3;2;-2;3;-5;-7
5;2;3;1;-6;-6
5;1;-4;5;-5;-8
5;1;-2;6;-4;-5
4;3;3;1;-5;-8
5;1;-3;1;-6;-10
6;3;5;12;-5;-5
5;2;-7;3;-5;-6
2;1;-5;-1;-6;-8
4;1;5;1;-5;-8
3;1;-4;5;-6;-10
4;1;-3;4;-6;-8
6;1;0;2;-4;-8
4;1;-1;1;-5;-8
1;2;-9;0;-6;-8
3;2;-8;1;-6;-10
3;0;-6;0;-5;-9
4;2;-1;1;-5;-8
3;1;-5;0;-4;-5
3;1;0;8;-4;-4
4;2;-3;0;-6;-10
3;1;-3;1;-5;-8
3;2;-2;2;-6;-9
3;1;-3;1;-5;-9
6;2;-8;0;-5;-8
19;2;-3;1;-5;-8
41;3;-2;3;-5;-7
64;3;-3;0;-3;-6
85;4;1;4;-2;-4
97;5;-4;4;-3;-5
104;5;-2;4;-6;-8
107;5;-3;2;-4;-6
109;5;-4;2;-5;-9
110;7;-2;2;-4;-7
114;13;-3;2;-2;-6
113;25;0;5;-1;-2
111;39;1;3;-3;-6
111;50;1;0;-5;-9
106;58;8;3;-3;-5
110;61;13;8;-5;-5
110;62;7;0;-6;-10
122;64;4;-1;-6;-7
130;66;2;0;-6;-11
135;68;6;6;-4;-7
134;68;3;9;-5;-9
136;68;3;1;-5;-6
135;68;4;5;-5;-4
135;68;3;9;-6;-11
134;68;3;1;-5;-8
138;68;2;2;-6;-10
134;68;3;6;-4;-6
134;68;10;7;-5;-7
134;68;6;4;-5;-6
134;68;-2;-1;-7;-8
129;68;4;0;-7;-12
124;67;-6;1;-7;-11
119;68;4;1;-6;-9
118;67;2;0;-5;-8
107;64;4;3;-5;-5
103;62;-3;-1;-7;-8
92;61;12;0;-5;-7
85;58;2;1;-7;-12
77;55;0;-1;-6;-8
68;53;2;1;-7;-10
59;50;1;0;-6;-9
54;48;4;4;-5;-5
49;46;2;7;-7;-7
43;44;1;1;-7;-11
40;44;0;10;-6;-6
34;40;2;2;-5;-6
28;38;4;4;-5;-7
26;36;-6;1;-8;-12
20;35;-5;0;-5;-7
17;33;0;0;-7;-11
15;31;1;3;-5;-5
13;29;1;5;-5;-8
11;27;-2;2;-7;-11
12;25;5;1;-5;-9
8;24;-1;0;-5;-6
10;23;-1;4;-6;-6
8;21;-1;5;-5;-7
9;21;1;2;-5;-6
6;19;6;9;-5;-7
8;18;0;1;-6;-11
7;17;-1;0;-6;-9
8;17;-2;2;-5;-5
7;15;-7;8;-5;-6
7;15;1;-1;-5;-9
8;15;-3;0;-5;-8
7;14;-3;0;-6;-10
6;13;-2;2;-5;-7
10;15;-1;10;-4;-5
8;14;2;1;-5;-8
11;14;0;5;-5;-6
12;14;-5;0;-6;-7
12;14;-1;0;-7;-11
13;14;-2;3;-5;-6
15;14;-8;4;-5;-6
12;14;7;-1;-6;-12
12;13;1;2;-4;-8
11;14;2;5;-5;-7
15;12;-5;15;-5;-5
13;13;8;0;-6;-10
15;13;8;1;-6;-11
13;13;4;2;-4;-6
12;13;-4;1;-5;-8
13;13;-1;-1;-6;-10
15;11;-4;6;-4;-6
12;14;7;0;-7;-12
14;14;-6;-1;-5;-8
17;16;-1;0;-5;-8
13;15;-7;3;-5;-6
13;14;-2;1;-6;-9
14;14;-3;3;-5;-5
15;14;-3;3;-5;-9
13;14;2;1;-6;-9
16;14;-2;4;-5;-5
19;15;-8;3;-6;-10
18;16;-5;5;-4;-7
19;15;-5;4;-5;-8
18;15;-1;6;-5;-5
19;16;-1;1;-5;-8
19;16;-8;6;-5;-8
20;16;0;2;-5;-6
22;16;-4;8;-6;-10
21;16;-1;1;-5;-9
19;16;0;0;-5;-8
19;16;1;2;-4;-6
20;16;-3;0;-6;-10
22;17;0;1;-6;-9
22;17;1;12;-4;-4
20;16;0;1;-5;-9
24;18;-2;2;-5;-5
24;18;1;3;-5;-6
26;18;-1;8;-7;-11
26;17;-1;1;-5;-10
31;19;-4;0;-4;-5
28;19;1;1;-5;-7
26;19;-3;6;-5;-5
29;19;-1;3;-6;-9
28;20;0;0;-5;-10
30;20;-1;7;-4;-6
28;21;10;7;-4;-6
31;20;-5;5;-5;-6
30;20;-1;3;-7;-10
32;20;-2;2;-6;-11
33;20;-9;2;-6;-10
32;20;-1;5;-5;-6
29;20;-6;3;-5;-5
32;20;1;5;-4;-7
32;20;1;0;-6;-11
31;21;-6;-1;-5;-9
31;21;2;-1;-5;-6
31;20;-2;0;-6;-8
31;20;-2;5;-5;-5
30;20;-1;2;-6;-7
28;21;-7;2;-4;-8
28;20;-1;2;-5;-6
26;18;-3;2;-6;-7
26;17;-2;3;-5;-6
27;18;-3;0;-6;-12
29;18;11;5;-5;-7
25;18;-2;0;-5;-6
23;18;0;2;-5;-6
24;18;-2;0;-6;-12
24;17;-2;1;-6;-10
23;19;-9;3;-5;-8
26;18;0;1;-5;-8
22;17;1;0;-5;-8
22;16;-2;6;-4;-4
22;17;-3;1;-6;-11
20;16;-1;1;-6;-6
17;16;10;1;-4;-5
19;16;-2;1;-6;-11
17;16;-1;2;-5;-9
18;16;-3;0;-6;-10
18;15;-2;2;-5;-9
17;16;-2;1;-5;-8
17;17;-1;4;-5;-5
17;16;-2;1;-5;-8
17;16;0;0;-5;-7
18;16;-1;3;-4;-4
18;16;2;1;-5;-5
20;16;-2;1;-7;-11
21;16;-1;0;-6;-6
22;16;-2;0;-6;-11
23;16;-7;2;-4;-8
22;16;-8;0;-6;-8
24;17;2;4;-4;-5
24;16;-1;1;-6;-10
22;17;-1;0;-6;-9
24;17;-1;2;-5;-5
24;16;-3;2;-6;-9
22;17;-1;0;-5;-8
25;17;-9;2;-6;-9
26;17;-2;6;-4;-5
22;18;-3;0;-6;-10
27;18;1;1;-5;-7
27;18;-2;-1;-5;-8
29;19;1;2;-5;-7
31;18;8;-1;-5;-6
31;19;7;5;-5;-5
32;19;-2;5;-6;-7
33;20;0;-1;-6;-11
34;20;0;0;-6;-10
36;20;-6;6;-3;-5
36;20;0;0;-6;-10
39;21;-1;1;-5;-9
40;21;-1;0;-5;-8
44;22;-7;4;-4;-6
46;23;0;6;-5;-5
49;21;-7;2;-6;-10
50;24;0;1;-5;-7
50;23;-5;3;-4;-6
50;23;10;9;-6;-5
49;24;-1;0;-6;-10
47;24;0;0;-6;-9
48;24;-2;0;-6;-8
48;24;0;7;-4;-5
49;23;-8;-1;-6;-11
45;24;0;0;-5;-8
45;24;-2;1;-5;-8
42;24;0;0;-5;-7
45;24;-1;1;-6;-8
44;24;0;6;-4;-6
46;24;-2;2;-6;-9
44;24;-9;4;-4;-6
49;24;2;3;-5;-7
43;24;1;2;-6;-6
39;23;4;1;-5;-9
41;24;0;3;-7;-9
40;24;7;8;-4;-6
39;25;1;1;-5;-9
39;24;-5;5;-5;-8
38;24;0;4;-5;-8
36;23;15;7;-5;-5
36;23;0;0;-6;-12
37;23;1;3;-6;-10
36;24;-4;-1;-5;-6
35;22;-5;4;-5;-6
33;21;7;2;-5;-8
33;21;-7;-1;-7;-8
33;20;-2;2;-6;-11
33;19;2;1;-5;-10
31;20;0;0;-6;-9
32;18;-1;1;-5;-8
30;18;0;0;-5;-7
30;16;2;4;-5;-5
28;16;1;4;-5;-6
28;14;-2;11;-7;-10
27;13;-3;2;-6;-11
25;13;0;7;-4;-5
24;13;-1;0;-6;-10
27;11;-3;0;-6;-9
22;12;-2;6;-4;-4
22;11;3;1;-6;-6
18;11;-2;11;-6;-9
19;12;-1;0;-6;-10
17;10;-2;2;-5;-9
17;10;-3;1;-5;-5
17;10;-1;0;-5;-9
17;9;1;5;-4;-6
16;9;-1;2;-5;-6
14;8;6;1;-6;-10
18;7;0;0;-5;-9
17;8;-3;0;-6;-10
16;7;-4;2;-7;-9
14;6;1;3;-5;-6
17;7;-1;-1;-6;-9
19;7;-7;0;-5;-8
13;8;-8;0;-6;-10
16;6;7;6;-4;-4
16;6;-6;4;-5;-7
14;7;7;10;-5;-6
16;7;-4;3;-5;-8
15;7;-3;1;-6;-9
16;7;-3;1;-5;-8
16;6;3;1;-6;-9
16;7;0;12;-5;-6
15;7;0;6;-6;-9
15;7;-2;0;-6;-10
17;7;-3;0;-5;-9
18;7;3;10;-4;-7
19;7;2;3;-5;-8
13;6;2;10;-6;-9
16;7;-3;2;-6;-8
15;7;-2;0;-6;-10
15;8;-2;2;-5;-9
16;7;-3;0;-5;-7
16;7;2;7;-4;-7
16;6;5;3;-4;-6
19;8;-9;7;-5;-5
16;8;8;0;-7;-10
16;9;-2;2;-4;-7
13;10;-7;0;-6;-10
15;9;-2;3;-4;-4
18;11;-1;1;-6;-8
18;10;-3;3;-6;-9
16;11;-3;8;-4;-8
20;12;-2;1;-6;-9
20;13;-3;0;-5;-8
20;13;-2;1;-5;-7
20;14;-3;0;-6;-6
22;14;-2;1;-6;-10
21;14;-2;1;-6;-10
20;13;4;11;-4;-4
24;14;6;14;-5;-8
26;15;-2;3;-5;-9
24;16;4;5;-4;-3
26;16;-1;-1;-6;-11
24;16;-5;0;-5;-5
25;16;8;7;-5;-6
26;18;7;8;-6;-9
26;17;-2;2;-5;-5
26;17;-3;2;-7;-12
26;17;2;3;-6;-10
28;17;3;0;-5;-8
27;18;7;2;-4;-6
26;18;0;2;-5;-7
27;18;-4;0;-6;-10
27;18;1;5;-4;-5
27;19;0;1;-5;-7
26;20;-1;2;-6;-11
29;19;-1;0;-5;-10
28;19;2;0;-5;-7
28;20;2;3;-5;-8
28;20;1;-1;-6;-8
31;20;-7;3;-5;-6
26;20;0;0;-6;-10
30;20;1;0;-5;-8
28;20;1;2;-5;-7
30;20;1;9;-5;-5
28;20;-8;6;-5;-6
28;20;0;3;-5;-7
29;20;0;0;-7;-10
27;20;-3;4;-4;-7
28;20;0;0;-6;-11
28;20;2;2;-5;-10
28;20;-3;4;-5;-6
30;20;-1;-1;-5;-9
27;21;6;1;-5;-4
29;20;10;4;-3;-6
25;20;6;13;-7;-9
26;20;1;2;-6;-11
26;21;0;1;-4;-5
26;20;-3;4;-4;-6
23;20;-1;-1;-6;-11
26;20;-1;1;-6;-10
25;21;4;-1;-6;-9
24;21;-1;1;-6;-9
24;21;-7;0;-6;-8
22;19;-1;1;-4;-6
21;21;1;-1;-5;-6
21;21;2;9;-4;-5
21;20;-4;12;-6;-7
22;20;-1;2;-5;-5
21;21;-9;4;-5;-7
22;20;0;5;-6;-7
21;21;-5;3;-7;-12
22;20;0;1;-5;-10
21;21;1;5;-4;-6
22;20;-3;0;-6;-10
21;20;-2;4;-5;-8
21;20;-1;1;-6;-10
20;20;2;3;-4;-5
19;20;7;3;-4;-5
20;20;0;3;-7;-8
18;19;-2;1;-6;-10
20;19;-6;3;-4;-6
18;18;1;2;-5;-8
19;18;-2;0;-6;-10
18;17;1;1;-5;-8
19;18;-1;2;-5;-7
18;16;-2;0;-6;-9
18;17;-1;12;-4;-6
18;15;-9;0;-6;-8
18;14;-3;2;-6;-11
17;14;-4;3;-5;-7
17;13;-2;1;-6;-10
17;12;-5;4;-5;-8
16;12;-9;6;-4;-4
16;12;2;1;-5;-8
17;12;-1;7;-5;-5
17;11;-2;1;-6;-11
15;11;-4;2;-5;-5
15;10;-9;2;-5;-6
15;9;-3;5;-6;-8
15;11;-3;2;-4;-6
15;10;2;-1;-6;-12
16;9;-2;1;-5;-10
14;10;-1;0;-5;-9
17;9;-2;1;-5;-7
12;9;7;2;-4;-6
15;9;-2;5;-5;-4
16;9;-3;2;-6;-9
16;8;-5;10;-6;-9
17;9;-1;-1;-5;-9
20;8;-1;5;-5;-5
21;9;-4;0;-5;-7
19;9;-3;5;-4;-6
20;9;-3;1;-6;-11
21;9;0;1;-4;-7
20;10;-2;3;-6;-6
24;9;-2;8;-4;-5
24;10;-4;2;-6;-11
28;10;-8;1;-5;-9
25;10;3;13;-4;-5
29;10;-3;3;-5;-5
31;12;-7;0;-5;-10
32;11;-3;1;-5;-5
32;10;5;-1;-6;-11
41;12;3;1;-4;-8
40;13;0;1;-5;-9
45;13;-2;1;-5;-7
48;14;-9;0;-5;-8
51;15;6;3;-4;-4
53;16;-3;4;-6;-9
55;17;0;0;-5;-9
57;18;9;12;-4;-6
62;18;1;1;-5;-7
64;19;0;0;-4;-8
66;20;-1;2;-5;-5
69;21;0;3;-6;-8
71;21;-7;3;-5;-9
73;22;-6;0;-5;-9
73;22;-2;0;-5;-8
73;22;-2;2;-5;-8
74;22;2;4;-4;-6
71;24;1;0;-6;-9
74;24;-2;0;-6;-10
69;25;1;0;-5;-7
72;24;-2;0;-7;-8
70;24;-4;1;-5;-6
67;23;-8;2;-4;-5
68;24;-3;5;-6;-5
68;24;-1;1;-7;-12
65;25;0;1;-6;-7
62;24;-5;4;-4;-5
61;24;1;3;-6;-6
61;23;2;5;-6;-6
56;24;2;4;-5;-8
54;23;-2;0;-7;-11
50;23;-7;8;-5;-9
49;22;1;0;-6;-10
45;22;1;4;-4;-5
40;21;-1;1;-6;-10
36;21;3;9;-6;-8
30;19;-3;1;-5;-8
24;19;-1;1;-6;-10
19;18;-9;3;-5;-4
16;16;0;7;-5;-6
10;15;-1;1;-6;-10
11;16;-2;0;-6;-9
8;13;-2;1;-6;-9
5;13;-1;6;-4;-5
4;11;-2;1;-7;-10
4;10;-2;4;-4;-5
3;9;-2;1;-4;-6
2;8;-4;2;-6;-8
1;7;0;5;-5;-6
2;7;1;6;-5;-7
2;6;-3;3;-5;-6
-1;6;7;3;-5;-7
2;5;-2;1;-6;-11
1;5;-3;1;-6;-11
0;4;-1;3;-4;-8
0;4;-3;3;-5;-8
1;4;-3;1;-6;-10
0;4;-3;3;-5;-6
1;4;-3;3;-5;-5
1;6;0;1;-5;-8
1;4;-3;1;-7;-11
1;5;-2;0;-6;-10
0;5;-3;0;-5;-9
-1;5;6;14;-4;-6
-2;4;-9;1;-5;-6
0;4;8;2;-4;-7
1;4;-3;9;-4;-6
1;5;-2;0;-6;-10
1;4;-2;1;-5;-9
1;4;-3;0;-6;-11
1;4;-3;0;-6;-10
0;5;-2;7;-5;-9
1;4;-3;1;-5;-7
1;4;-4;4;-4;-3
-1;4;-4;-1;-6;-8
-1;4;-5;15;-5;-7
2;5;-2;-1;-4;-5
1;4;-1;0;-6;-9
1;4;-3;0;-7;-11
0;2;-4;2;-4;-7
1;4;-4;-1;-4;-6
0;4;-2;2;-5;-5
-2;4;-3;3;-7;-12
0;4;-5;1;-6;-10
0;3;-4;1;-5;-7
1;3;-2;0;-4;-6
-2;4;-2;0;-5;-7
-1;3;-3;4;-5;-6
0;3;-2;5;-5;-5
-3;2;13;-1;-6;-9
-1;3;-6;6;-4;-5
0;4;7;2;-6;-8
-1;3;-3;1;-6;-10
-1;4;-8;1;-5;-5
-1;3;-3;2;-6;-9
-1;3;-7;4;-4;-8
-1;3;-3;2;-5;-5
2;3;-8;3;-5;-7
-2;2;3;4;-5;-8
-1;3;-2;0;-7;-12
0;2;-4;1;-5;-9
-2;2;1;2;-6;-8
-1;2;-2;2;-4;-4
-2;4;-6;2;-5;-9
-2;11;0;3;-5;-7
3;20;-2;3;-4;-6
10;30;-7;9;-5;-5
13;37;0;5;-5;-6
14;40;1;8;-3;-5
17;41;-1;2;-5;-7
16;40;0;0;-4;-6
16;39;0;2;-6;-11
17;39;1;1;-5;-10
14;39;1;1;-6;-8
16;39;-3;4;-3;-6
17;39;7;4;-5;-7
15;39;0;2;-4;-4
14;40;-1;-1;-7;-12
10;36;9;0;-6;-6
16;35;-1;2;-5;-10
34;34;-3;12;-5;-7
59;35;0;0;-4;-9
86;35;-1;1;-2;-6
101;36;-1;0;-3;-5
114;39;3;4;-4;-5
121;42;6;5;-4;-5
130;45;1;0;-5;-11
136;48;2;6;-2;-5
135;52;1;1;-5;-9
135;55;-5;9;-4;-7
134;53;2;1;-4;-8
121;55;3;0;-5;-7
116;55;11;7;-4;-3
111;55;2;3;-7;-8
110;55;2;2;-5;-10
114;55;2;2;-4;-8
118;56;14;3;-4;-7
116;56;4;0;-7;-10
117;56;3;5;-4;-6
115;56;2;6;-5;-6
114;54;14;4;-5;-6
106;53;12;0;-6;-10
103;51;-7;0;-7;-7
100;51;1;6;-6;-8
97;50;-1;1;-6;-11
94;49;2;0;-6;-11
94;48;-2;-1;-6;-8
87;45;12;0;-6;-6
86;43;2;1;-5;-8
82;40;1;0;-7;-11
78;38;1;0;-6;-9
73;37;1;11;-6;-7
71;33;4;1;-5;-9
63;32;-7;6;-6;-6
61;29;-4;-1;-7;-11
55;27;2;0;-5;-9
47;25;2;1;-7;-11
44;23;3;0;-5;-8
40;21;0;4;-5;-6
35;20;1;5;-6;-7
31;17;-2;3;-5;-8
29;16;-9;6;-5;-7
25;15;-3;3;-6;-7
21;13;-1;4;-7;-10
21;11;-3;1;-6;-11
18;10;-2;1;-5;-9
16;10;-3;4;-5;-5
16;9;0;4;-7;-11
17;8;1;1;-5;-9
12;9;3;1;-5;-7
16;7;-6;1;-5;-8
10;7;2;9;-6;-9
12;6;-9;0;-4;-8
7;6;7;0;-5;-8
12;5;-4;6;-4;-5
12;4;-4;2;-6;-10
10;4;-1;3;-5;-7
12;4;-1;0;-6;-9
13;3;-2;0;-6;-9
16;5;-1;0;-4;-8
13;4;-4;1;-6;-9
11;4;-3;1;-5;-6
13;4;-7;3;-4;-5
13;5;-4;2;-7;-11
13;5;5;2;-5;-5
14;5;-2;0;-6;-10
15;5;-8;2;-4;-5
12;5;-9;3;-6;-9
15;5;-3;2;-4;-6
15;6;9;6;-4;-7
15;6;4;5;-5;-7
15;5;-5;2;-6;-8
14;5;-8;0;-4;-7
12;6;5;4;-5;-8
14;6;-1;2;-5;-8
12;6;3;0;-7;-10
15;6;-2;2;-4;-6
14;7;-3;3;-5;-5
14;7;-2;0;-7;-12
14;7;-3;2;-5;-10
16;8;-3;1;-5;-8
17;8;7;0;-3;-7
18;9;-9;2;-5;-7
17;10;-3;2;-5;-4
17;10;-2;1;-6;-10
19;11;-5;-1;-4;-6
17;11;-3;1;-6;-7
17;11;-3;2;-6;-11
17;12;-2;1;-5;-9
17;14;-2;1;-4;-6
19;14;0;10;-4;-4
21;14;-9;0;-5;-9
22;13;-2;1;-6;-9
24;13;0;0;-6;-8
22;14;-6;7;-4;-5
24;14;-2;7;-5;-6
26;16;-3;-1;-7;-12
25;16;-2;5;-4;-5
27;16;0;1;-7;-7
31;17;-6;-1;-6;-7
30;16;-2;1;-5;-10
28;16;-2;-1;-5;-10
31;16;-2;2;-4;-4
32;17;-2;3;-4;-5
32;17;-5;2;-5;-8
33;18;-3;2;-6;-6
34;17;-1;1;-6;-7
35;19;-3;-1;-6;-10
36;19;-2;3;-5;-7
38;19;-1;1;-5;-10
39;19;-2;2;-6;-9
39;20;-3;2;-5;-5
43;20;4;1;-5;-9
42;21;0;0;-5;-5
44;20;-3;-1;-5;-10
45;21;1;4;-5;-5
47;21;-2;11;-4;-6
45;21;0;0;-6;-10
46;21;-2;0;-5;-7
44;20;-2;3;-5;-7
46;21;1;4;-5;-7
45;21;0;5;-5;-4
43;20;0;-1;-6;-10
41;20;-3;1;-5;-8
41;20;-3;1;-6;-10
36;20;0;0;-6;-9
36;20;-2;-1;-6;-9
33;18;-4;1;-5;-9
35;17;3;1;-5;-7
28;17;6;0;-6;-9
30;17;-1;1;-6;-9
24;17;-3;1;-5;-6
25;14;-2;1;-6;-9
25;16;0;1;-5;-6
22;14;-2;1;-5;-5
20;13;-1;6;-6;-7
20;14;-2;2;-6;-9
18;14;-1;4;-6;-9
20;13;1;1;-5;-10
17;13;-4;-1;-5;-5
16;13;-1;1;-5;-10
17;13;-2;2;-5;-7
17;13;-2;0;-6;-10
17;13;-1;3;-5;-4
16;12;-2;4;-5;-8
15;12;5;-1;-6;-10
15;12;-1;6;-4;-6
13;14;7;2;-6;-8
15;13;1;1;-5;-10
12;13;-1;0;-6;-9
13;12;-7;9;-4;-4
13;13;-3;2;-6;-10
15;13;-2;1;-5;-8
15;14;0;0;-6;-10
17;13;-3;5;-4;-5
18;14;-1;3;-5;-7
25;14;-3;1;-6;-10
24;14;-2;1;-6;-10
26;15;4;2;-5;-8
29;15;-3;2;-6;-8
32;16;-1;1;-5;-9
31;17;10;5;-3;-4
37;17;0;1;-6;-10
32;18;8;0;-5;-9
35;19;-2;1;-5;-7
36;19;-5;1;-4;-6
37;20;-2;0;-6;-8
34;19;-4;14;-3;-6
38;20;0;1;-6;-6
39;21;0;0;-6;-10
39;21;0;0;-5;-7
42;23;-1;1;-6;-5
42;22;-1;2;-5;-7
42;23;-1;0;-6;-10
45;23;-3;0;-5;-8
41;24;2;7;-4;-5
43;23;2;6;-5;-6
41;22;8;2;-5;-6
43;22;2;5;-6;-7
41;22;-2;6;-4;-6
42;21;0;1;-7;-12
40;22;-1;0;-6;-9
40;21;-2;0;-6;-9
38;20;-2;2;-5;-8
40;20;-1;1;-6;-9
38;20;1;0;-6;-8
38;20;-1;1;-5;-7
33;19;10;0;-4;-6
35;20;-1;1;-5;-7
33;19;0;1;-5;-7
31;19;-2;0;-7;-10
28;18;-5;7;-5;-4
28;18;5;8;-5;-6
26;17;-1;0;-6;-11
22;16;9;-1;-5;-6
21;16;-1;6;-6;-7
21;15;-5;3;-7;-10
17;14;1;1;-6;-10
18;14;1;1;-5;-7
16;13;-3;2;-6;-10
18;14;-1;-1;-6;-11
12;14;-9;7;-5;-4
12;14;-2;1;-6;-9
13;14;-1;0;-6;-10
12;14;-2;1;-4;-6
14;14;-1;1;-5;-6
14;13;-3;5;-6;-7
14;13;-4;2;-5;-9
13;14;-7;4;-4;-6
13;14;-1;0;-7;-11
15;15;-2;1;-6;-10
17;16;-1;0;-5;-8
20;16;-9;4;-5;-7
22;17;0;2;-5;-7
25;18;-2;1;-5;-5
27;18;1;2;-4;-8
29;18;10;2;-6;-7
31;20;-8;1;-6;-9
35;18;-2;1;-5;-8
36;19;0;0;-5;-9
39;19;-3;-1;-3;-4
40;19;-2;1;-5;-5
42;18;-3;2;-6;-11
43;18;-3;2;-6;-10
45;18;-9;10;-3;-6
43;18;0;0;-6;-9
44;18;8;-1;-4;-5
44;18;-4;0;-6;-9
42;18;-2;2;-5;-9
44;18;0;0;-6;-9
41;17;0;-1;-5;-9
39;16;-3;2;-5;-9
38;16;-2;1;-5;-7
34;15;2;-1;-5;-7
32;14;9;1;-6;-9
30;14;0;0;-5;-7
29;13;6;4;-5;-5
26;12;-3;2;-7;-11
22;12;-3;1;-6;-8
22;11;4;5;-5;-8
20;9;-2;1;-6;-8
17;9;1;4;-5;-6
17;8;-3;3;-7;-8
17;7;-2;9;-6;-11
14;7;-9;0;-4;-5
15;5;-1;-1;-5;-7
14;5;-4;5;-7;-9
14;5;-3;1;-6;-10
15;5;-4;3;-4;-4
15;4;-3;2;-6;-10
12;5;-2;4;-4;-6
16;5;0;0;-5;-9
14;5;-3;1;-5;-8
13;5;-3;0;-7;-10
13;5;-3;0;-6;-9
13;5;-2;2;-6;-8
16;5;-9;4;-3;-6
13;5;-2;0;-6;-10
14;4;-5;-1;-5;-8
13;5;9;0;-6;-9
14;5;-8;2;-4;-6
13;5;-5;8;-6;-9
14;5;-3;1;-6;-9
15;5;-3;2;-5;-8
15;5;-2;1;-5;-9
13;5;-9;0;-5;-9
17;5;0;3;-4;-5
18;5;-1;0;-5;-9
16;5;-3;0;-5;-7
17;6;-1;4;-4;-5
18;5;-1;1;-7;-10
20;4;-9;1;-6;-7
17;5;0;7;-4;-5
18;5;-3;2;-6;-8
19;5;-3;2;-6;-10
21;6;-2;-1;-5;-7
22;6;-3;1;-6;-9
28;7;7;0;-5;-9
28;9;-3;1;-5;-9
27;9;-2;1;-4;-8
27;11;-3;1;-6;-9
31;12;-7;0;-4;-4
34;13;-2;1;-5;-8
35;13;6;-1;-6;-10
37;14;-2;2;-5;-7
40;15;-3;8;-4;-4
44;16;-2;2;-6;-9
48;18;-1;2;-6;-9
49;20;-1;1;-5;-9
53;21;-5;0;-5;-7
56;23;-7;9;-4;-7
62;24;-5;7;-4;-7
71;25;-5;7;-3;-4
72;27;-6;6;-5;-8
77;29;0;0;-6;-10
79;30;-4;2;-5;-9
81;32;-3;1;-4;-4
85;33;1;6;-3;-5
89;33;10;1;-5;-6
90;35;1;0;-4;-6
92;35;1;1;-5;-6
94;36;-1;4;-4;-6
97;36;2;3;-4;-9
95;38;1;2;-5;-9
98;38;0;0;-5;-9
96;42;7;0;-4;-7
98;40;-5;6;-5;-4
99;41;2;-1;-6;-10
99;41;-6;3;-5;-7
97;41;2;0;-6;-10
97;41;0;0;-5;-9
98;41;-7;1;-6;-9
95;41;1;2;-4;-6
96;40;8;0;-6;-8
92;41;0;4;-4;-5
90;41;9;0;-6;-10
86;41;1;1;-6;-9
81;41;0;-1;-6;-9
74;41;-2;5;-5;-4
67;41;0;-1;-6;-7
60;41;1;1;-6;-11
52;41;2;0;-6;-10
46;40;4;8;-4;-5
35;38;6;0;-7;-11
30;37;1;1;-6;-10
22;36;10;5;-6;-5
17;34;0;0;-7;-11
9;33;4;2;-6;-9
7;32;1;3;-6;-10
3;31;2;1;-6;-10
-1;29;0;1;-5;-5
-2;27;0;0;-6;-9
-1;25;-2;1;-6;-9
-2;24;-1;2;-5;-4
-2;22;-1;1;-5;-6
-1;21;2;-1;-6;-11
-1;18;-7;8;-5;-6
-1;17;0;0;-5;-9
3;15;0;-1;-6;-10
2;14;0;0;-5;-7
3;12;-1;2;-5;-5
3;11;-2;0;-6;-7
4;10;-3;1;-6;-9
1;8;-4;2;-7;-11
3;7;-3;-1;-5;-9
3;7;-3;0;-6;-10
4;5;-3;1;-6;-10
5;3;8;3;-4;-6
4;3;-3;2;-6;-10
3;2;-4;2;-6;-10
4;2;0;-1;-5;-8
5;1;4;2;-5;-9
3;1;-1;2;-4;-5
3;2;-2;2;-5;-5
4;1;-3;5;-5;-5
1;1;-7;9;-7;-10
4;1;0;1;-6;-11
7;3;-4;0;-5;-8
3;1;-3;1;-4;-6
1;1;0;2;-6;-5
3;2;-7;1;-6;-10
3;2;-2;0;-6;-10
3;1;-2;5;-5;-5
3;2;-2;0;-6;-10
3;1;-2;1;-5;-9
4;1;-3;0;-5;-8
3;2;-7;3;-5;-5
3;2;-2;7;-6;-7
3;1;-3;2;-5;-7
3;2;0;9;-4;-8
3;1;-3;4;-5;-7
0;2;5;0;-6;-10
4;1;0;2;-4;-7
3;1;2;1;-5;-7
3;2;-4;6;-4;-5
3;1;-6;4;-5;-7
4;1;-2;1;-7;-9
5;3;-4;3;-6;-9
3;1;7;1;-6;-9
4;2;1;1;-4;-6
3;1;-3;3;-5;-5
3;1;-6;12;-4;-5
4;1;-1;1;-5;-6
3;2;-6;4;-5;-7
2;1;1;2;-6;-7
3;1;-7;4;-5;-7
3;1;-4;3;-6;-10
3;2;-2;2;-5;-7
5;1;-4;1;-5;-11
1;2;-7;0;-5;-10
4;1;0;1;-4;-7
2;1;-4;2;-5;-8
5;2;-7;-1;-6;-9
5;3;-8;0;-6;-9
5;2;-1;7;-5;-7
5;1;-3;0;-5;-8
3;1;-3;1;-5;-8
3;1;-3;7;-4;-4
3;1;4;1;-6;-5
3;1;-4;4;-5;-6
3;1;-7;1;-7;-10
0;2;-1;0;-5;-8
4;1;-3;1;-5;-8
4;2;-4;3;-5;-7
2;2;-5;1;-6;-9
4;2;6;0;-6;-11
3;1;-4;4;-5;-6
3;1;-4;4;-6;-10
5;1;7;1;-6;-9
0;2;8;3;-3;-7
3;1;-5;5;-5;-5
2;2;-7;3;-6;-11
3;1;-1;4;-4;-4
2;1;-3;0;-7;-11
3;1;-2;3;-4;-7
2;2;-3;2;-6;-11
2;1;-5;-1;-6;-10
2;2;-7;-1;-6;-9
2;1;-3;1;-5;-9
-2;2;3;0;-4;-7
2;1;-9;9;-4;-5
1;2;-2;1;-6;-7
1;1;-3;1;-6;-8
1;1;-3;1;-5;-9
3;1;-3;2;-6;-8
0;2;-2;1;-5;-8
1;1;0;3;-5;-7
2;2;-8;-1;-6;-10
1;1;-3;1;-6;-9
0;1;-2;1;-5;-5
0;1;-4;4;-6;-9
1;1;-4;2;-5;-10
3;1;-3;4;-4;-5
0;2;-2;0;-6;-8
1;1;-9;4;-6;-6
0;1;-2;1;-4;-4
1;1;-3;2;-6;-8
-2;2;-9;4;-5;-6
3;1;-3;0;-5;-10
0;1;-4;2;-6;-10
0;1;-5;4;-4;-4
1;3;1;6;-6;-9
10;1;-3;0;-5;-9
23;2;-6;-1;-5;-9
43;3;-3;1;-4;-8
62;3;-3;0;-4;-8
76;4;-8;1;-4;-8
81;5;-2;0;-4;-8
84;5;-3;1;-5;-7
88;11;-7;7;-3;-7
92;18;-4;4;-2;-4
96;33;1;0;-4;-7
99;45;2;4;-3;-7
97;55;-3;0;-4;-6
100;59;2;0;-5;-7
99;61;-1;5;-4;-5
104;63;4;1;-5;-7
113;62;8;2;-6;-5
122;65;2;0;-5;-9
131;68;4;2;-4;-7
136;68;3;5;-5;-7
135;68;6;1;-5;-6
138;67;5;8;-4;-7
138;68;2;2;-6;-10
139;68;3;1;-5;-10
138;67;3;0;-5;-9
139;68;6;2;-5;-5
138;68;-1;0;-5;-6
137;68;4;1;-6;-8
135;68;4;0;-6;-9
134;68;4;2;-5;-8
130;68;-5;9;-4;-6
126;68;4;1;-6;-9
120;68;3;1;-6;-10
114;67;-3;9;-4;-4
106;66;4;1;-7;-11
99;64;2;0;-6;-9
92;62;3;1;-7;-10
84;58;9;4;-5;-7
81;57;-1;4;-5;-8
76;55;-1;1;-5;-6
69;53;3;1;-7;-9
67;50;1;1;-6;-10
62;48;4;3;-5;-8
56;45;-2;3;-7;-8
50;43;1;0;-7;-8
47;41;0;0;-5;-7
41;38;-2;2;-6;-11
36;36;3;6;-5;-8
31;35;1;0;-7;-12
25;33;0;-1;-5;-5
21;30;1;0;-6;-10
17;29;2;2;-5;-8
12;26;2;5;-5;-8
8;25;-1;0;-6;-10
5;23;2;5;-5;-6
6;21;-9;6;-5;-5
7;21;1;0;-6;-8
2;18;-7;9;-6;-8
6;16;2;0;-5;-10
3;15;-1;5;-5;-7
2;13;4;0;-5;-8
3;11;-3;0;-6;-9
3;10;-5;6;-4;-7
5;9;-6;0;-5;-5
2;8;-2;0;-6;-10
5;7;-3;-1;-6;-11
4;6;-3;-1;-6;-6
3;4;-3;1;-5;-9
2;3;-3;0;-6;-9
6;3;-3;2;-5;-8
3;2;-4;2;-6;-7
6;2;5;3;-6;-8
3;2;-3;-1;-6;-9
4;2;-3;7;-4;-6
4;3;-9;4;-6;-6
3;2;-9;-1;-6;-9
6;2;-7;3;-6;-10
5;2;-4;5;-5;-7
6;3;3;9;-5;-6
4;2;-3;1;-7;-12
4;4;-3;4;-4;-6
4;2;1;3;-6;-11
3;3;-2;0;-6;-9
4;2;-4;4;-4;-4
4;2;-3;1;-7;-11
4;2;-8;0;-6;-9
5;3;-2;2;-6;-9
2;2;3;5;-3;-5
4;2;-3;0;-6;-9
4;2;2;2;-5;-6
4;3;-7;4;-7;-11
2;2;-2;-1;-6;-9
1;2;-9;0;-5;-9
5;2;-3;1;-5;-7
5;3;-9;-1;-6;-9
4;2;-3;1;-5;-4
4;2;-9;4;-5;-7
3;2;-5;2;-5;-7
4;1;3;2;-5;-7
3;2;-2;4;-5;-7
3;2;-2;0;-6;-7
4;2;-2;0;-6;-7
2;3;-9;6;-5;-7
4;2;0;5;-5;-6
3;3;1;5;-5;-8
1;2;-7;6;-5;-7
3;3;-2;0;-7;-11
3;2;-5;2;-5;-9
3;5;-2;4;-5;-5
3;6;-3;3;-5;-9
3;7;-1;1;-6;-10
4;8;-9;2;-5;-8
7;9;-5;-1;-5;-9
11;10;7;2;-5;-7
17;12;-1;2;-4;-4
23;13;-4;4;-4;-6
28;15;-1;3;-6;-11
34;16;-1;0;-5;-8
33;18;-9;5;-4;-7
38;19;-7;-1;-6;-11
39;22;0;0;-5;-9
43;22;0;2;-4;-6
45;26;14;10;-4;-4
44;25;-5;-1;-5;-5
43;28;0;3;-6;-9
43;28;0;4;-6;-9
41;29;-2;-1;-4;-5
42;31;10;7;-4;-6
45;32;0;0;-6;-11
47;33;0;0;-5;-10
49;34;3;3;-4;-7
51;34;0;2;-5;-7
52;37;7;2;-4;-6
53;36;5;0;-5;-7
52;37;-7;3;-4;-6
54;38;-6;2;-5;-6
57;39;1;0;-7;-10
59;40;-2;4;-4;-5
59;41;2;0;-6;-9
60;41;1;1;-6;-11
60;41;9;9;-5;-8
63;41;1;1;-5;-9
61;40;1;7;-4;-6
66;42;3;6;-4;-6
64;42;-6;2;-5;-7
64;41;1;1;-6;-11
68;42;2;0;-5;-8
65;40;0;1;-5;-7
65;42;1;7;-5;-5
62;41;10;6;-4;-5
64;41;0;2;-7;-12
62;40;1;2;-5;-9
60;40;2;0;-5;-8
61;40;1;2;-5;-6
57;37;9;0;-6;-9
57;36;-6;1;-6;-9
50;35;1;0;-5;-8
50;36;5;3;-5;-7
47;32;-1;0;-6;-10
44;31;3;0;-7;-10
40;29;-1;0;-6;-9
38;27;-1;0;-6;-9
34;26;0;1;-6;-8
30;25;2;6;-4;-4
26;22;-1;2;-5;-7
24;21;1;2;-5;-8
19;20;-2;-1;-6;-5
16;19;2;3;-5;-8
14;17;-1;0;-7;-11
12;17;-1;1;-6;-9
10;16;-2;3;-5;-7
8;14;-6;3;-5;-6
6;14;0;0;-7;-11
5;13;-3;0;-6;-9
4;11;0;7;-5;-5
5;11;0;4;-7;-10
5;12;7;0;-6;-7
4;11;-2;4;-6;-10
3;11;-2;0;-5;-9
3;11;-2;1;-5;-8
5;11;-3;0;-5;-8
2;10;-6;2;-5;-8
5;11;2;6;-5;-4
3;10;-7;7;-5;-8
3;12;-1;0;-6;-9
4;11;-3;2;-5;-7
3;12;3;2;-6;-6
4;11;-3;6;-5;-6
4;12;-1;1;-5;-6
5;12;-3;1;-6;-11
6;11;-3;2;-5;-10
5;13;-6;5;-4;-6
9;13;-6;-1;-5;-7
14;13;-5;2;-5;-7
15;14;-2;1;-5;-7
19;13;-5;4;-4;-6
20;12;-3;-1;-5;-8
21;14;-1;1;-6;-10
22;14;-2;2;-6;-9
22;14;-2;1;-6;-9
22;14;-1;1;-5;-8
23;16;-8;3;-4;-5
24;15;-1;4;-5;-4
24;15;10;1;-6;-9
24;15;-3;0;-6;-10
26;16;-3;3;-4;-6
25;16;0;1;-5;-7
27;16;-3;2;-6;-10
26;16;-9;7;-4;-4
30;16;-1;1;-6;-10
31;17;0;0;-6;-10
32;17;0;3;-5;-8
32;17;-1;3;-4;-5
32;18;0;0;-6;-10
33;17;-3;2;-6;-8
33;17;-7;-1;-5;-7
36;18;7;8;-6;-10
33;18;-1;4;-4;-5
34;18;0;0;-6;-10
34;17;2;3;-6;-8
34;18;0;0;-6;-9
35;18;-2;0;-5;-8
32;17;-8;2;-5;-8
35;19;2;5;-4;-5
34;18;-2;4;-5;-5
34;17;-1;7;-5;-7
34;18;-5;1;-5;-7
34;18;-2;3;-7;-8
32;18;1;1;-5;-9
33;17;-1;2;-6;-11
31;18;-4;9;-4;-5
31;17;-1;1;-6;-9
29;17;-2;0;-5;-8
29;17;-2;3;-5;-5
27;16;-1;0;-7;-10
25;15;-3;2;-5;-5
22;15;0;2;-4;-6
22;14;-3;0;-7;-11
23;13;5;-1;-6;-7
20;14;-2;3;-6;-8
17;14;0;0;-7;-11
18;15;0;5;-3;-6
18;14;-1;0;-6;-11
18;14;4;1;-5;-8
18;14;-2;5;-5;-4
18;15;-3;0;-6;-11
18;15;-2;8;-4;-6
19;14;-4;7;-5;-6
18;15;-2;0;-6;-9
21;14;-2;1;-5;-9
21;14;0;3;-5;-6
19;15;0;-1;-6;-8
22;15;1;1;-5;-7
22;15;-2;0;-6;-9
23;16;-3;2;-5;-8
24;16;0;1;-4;-6
24;16;2;0;-5;-7
29;16;4;8;-4;-5
31;17;0;1;-6;-6
34;18;10;4;-5;-7
38;18;-2;1;-6;-9
40;18;-3;0;-6;-12
39;18;-1;7;-4;-7
42;18;-1;2;-6;-9
40;17;6;-1;-4;-6
44;17;-1;4;-6;-9
43;18;2;5;-4;-6
44;17;-2;5;-5;-5
44;18;0;2;-6;-9
45;17;-2;-1;-6;-10
44;17;-3;3;-6;-11
44;17;-1;1;-5;-8
44;18;1;3;-6;-7
42;17;0;2;-5;-10
41;17;9;1;-6;-5
42;17;-2;0;-6;-9
43;17;-2;5;-4;-6
42;18;-1;3;-5;-5
43;17;-2;1;-7;-11
42;17;-2;0;-6;-10
42;19;4;2;-5;-7
42;17;-2;0;-6;-11
40;17;0;1;-5;-8
41;17;-4;1;-5;-4
37;17;0;1;-6;-8
36;17;-2;1;-6;-8
37;17;0;2;-5;-10
38;16;-3;12;-4;-4
32;17;0;1;-5;-9
29;17;-3;-1;-6;-5
32;17;9;7;-5;-7
32;17;-3;-1;-6;-9
29;16;-1;2;-5;-9
30;17;-1;1;-6;-10
31;16;-3;4;-5;-7
29;16;-1;1;-5;-9
31;16;-2;7;-5;-4
31;16;-2;2;-5;-7
30;16;-3;2;-5;-6
28;15;5;0;-7;-11
29;15;-3;8;-5;-6
28;15;-2;1;-6;-11
27;15;9;2;-4;-6
27;14;1;0;-6;-10
25;15;-3;0;-5;-7
25;14;-3;4;-6;-8
24;14;-3;0;-5;-4
24;13;-6;1;-6;-12
25;13;-3;4;-4;-6
26;13;-1;7;-6;-6
24;12;0;4;-5;-8
25;12;-3;2;-6;-10
22;12;-3;2;-6;-10
21;12;0;5;-4;-6
20;13;-1;0;-6;-8
20;13;-1;7;-6;-7
21;14;-1;1;-6;-9
20;12;0;10;-4;-6
19;12;-1;0;-7;-12
20;13;-6;4;-4;-7
20;13;-1;-1;-5;-6
21;12;-3;5;-5;-6
17;12;8;-1;-7;-10
22;12;-3;0;-6;-9
21;12;-1;3;-4;-6
22;13;-3;0;-5;-8
21;13;1;-1;-6;-10
20;13;-4;1;-4;-6
19;14;-2;0;-6;-10
21;13;-2;7;-6;-7
20;14;-2;-1;-6;-9
21;14;-2;4;-5;-5
21;14;-1;0;-6;-11
20;14;-3;-1;-6;-9
21;16;10;0;-5;-9
21;15;1;4;-4;-6
21;15;-3;10;-6;-11
20;15;0;0;-6;-10
20;18;12;2;-5;-7
21;16;-2;2;-5;-7
22;17;-1;1;-6;-9
23;17;-7;4;-5;-5
23;17;-1;2;-5;-7
26;17;-9;2;-5;-6
22;18;0;2;-6;-8
23;17;1;1;-6;-11
24;18;-1;0;-5;-7
25;18;-1;0;-6;-8
28;19;-1;1;-4;-5
27;19;-2;3;-6;-7
26;19;8;1;-5;-8
28;20;1;1;-5;-8
27;20;0;0;-6;-11
27;20;-1;1;-6;-9
27;20;0;3;-6;-8
26;20;-1;3;-4;-5
26;20;-2;3;-5;-6
27;20;-2;3;-6;-11
27;21;0;-1;-5;-9
29;20;-8;1;-6;-8
25;20;0;0;-6;-9
26;20;-8;5;-3;-4
22;20;2;4;-5;-7
23;20;-2;1;-6;-11
26;18;-7;-1;-5;-10
25;18;-2;1;-5;-5
25;18;-9;5;-5;-8
23;18;11;1;-6;-11
21;17;0;-1;-6;-9
21;17;-8;5;-5;-4
22;17;6;-1;-5;-7
20;16;-3;8;-5;-9
18;16;-6;7;-5;-5
17;14;5;7;-5;-6
16;14;-3;2;-7;-12
17;13;-7;16;-4;-6
18;13;-6;10;-7;-11
16;12;-3;1;-4;-7
11;12;-1;0;-6;-8
12;11;12;4;-5;-10
13;11;1;4;-4;-7
13;11;-3;0;-6;-8
13;11;-2;-1;-6;-10
14;10;-6;1;-5;-10
17;11;1;-1;-5;-9
14;9;-1;-1;-6;-8
12;9;-1;0;-6;-6
13;8;-1;0;-5;-8
13;8;-5;4;-5;-4
15;8;2;5;-4;-5
12;7;-3;-1;-5;-9
13;8;-1;4;-7;-10
13;9;9;2;-4;-6
14;8;-4;4;-5;-9
15;8;-2;3;-6;-7
17;8;-3;1;-6;-10
17;9;-3;0;-4;-6
20;9;-4;1;-5;-8
22;9;4;5;-4;-7
25;10;-4;0;-6;-6
25;11;-1;-1;-6;-12
27;12;-3;1;-6;-7
29;13;1;-1;-6;-11
31;12;-1;2;-4;-4
31;12;-2;0;-6;-10
35;12;-3;2;-5;-9
35;14;0;7;-4;-5
39;14;-2;1;-6;-10
41;15;-1;-1;-6;-8
45;16;1;1;-5;-9
45;16;2;1;-5;-8
49;17;-2;4;-5;-6
51;19;0;3;-5;-6
54;20;-3;-1;-5;-8
53;21;7;0;-4;-6
56;22;1;3;-4;-8
56;23;0;4;-5;-5
59;23;-1;0;-6;-10
57;24;-3;2;-5;-8
58;25;2;5;-4;-6
59;25;-1;3;-5;-7
57;27;1;1;-6;-11
60;26;-2;5;-4;-5
57;26;1;2;-6;-11
58;26;-2;0;-6;-10
58;27;-2;7;-5;-6
58;27;8;4;-4;-6
58;26;0;-1;-6;-8
59;28;-3;2;-6;-9
59;28;-1;0;-6;-8
56;28;1;3;-6;-9
59;28;0;5;-5;-8
55;28;-1;-1;-6;-8
56;27;-1;3;-6;-9
54;27;10;4;-5;-7
54;27;-3;0;-7;-9
53;28;-2;5;-5;-4
50;28;-1;4;-4;-5
46;29;2;-1;-5;-9
47;28;-6;-1;-6;-10
45;27;11;0;-6;-7
43;26;8;8;-6;-10
43;27;9;9;-4;-4
40;28;-6;0;-6;-10
39;27;1;0;-6;-7
35;26;-1;0;-6;-9
29;26;-2;0;-6;-9
27;25;1;0;-6;-7
22;26;0;0;-5;-6
16;23;6;4;-5;-9
14;23;0;-1;-6;-9
10;21;-2;1;-6;-7
7;20;-1;-1;-5;-7
6;18;0;1;-5;-9
1;18;-3;13;-4;-7
2;17;0;6;-5;-7
1;16;-4;1;-6;-11
1;15;-2;1;-6;-9
2;12;-9;5;-5;-7
2;13;0;2;-5;-6
2;12;0;-1;-6;-10
2;11;-3;4;-6;-6
2;12;4;2;-5;-9
3;10;-4;0;-6;-10
0;9;-7;13;-4;-6
1;7;-5;0;-7;-9
2;7;-7;3;-6;-7
3;6;-4;4;-5;-9
3;5;-1;1;-4;-5
2;4;-4;2;-6;-8
2;3;-4;2;-5;-9
3;3;-5;-1;-5;-7
2;2;-2;0;-7;-9
3;2;1;3;-4;-7
3;3;-3;2;-4;-8
3;2;-3;2;-6;-7
3;3;-7;1;-5;-9
3;2;0;7;-5;-4
3;2;-3;3;-5;-8
3;2;-2;8;-5;-7
1;2;-3;2;-6;-8
1;3;-4;2;-5;-6
2;3;-3;1;-6;-10
2;2;-3;0;-7;-10
3;2;-5;0;-5;-8
2;2;-9;1;-5;-8
2;3;-3;2;-5;-8
3;2;-5;4;-4;-6
2;2;-2;6;-6;-7
6;2;-5;10;-4;-8
3;4;2;0;-5;-9
3;2;-7;1;-5;-9
2;2;-5;10;-6;-6
3;1;-6;1;-4;-8
3;2;-9;5;-5;-6
2;2;-9;2;-6;-10
3;3;5;4;-4;-5
2;2;-5;5;-6;-11
3;2;7;1;-4;-5
3;1;-7;-1;-6;-8
2;2;1;5;-4;-5
2;3;-3;1;-5;-8
3;3;-3;5;-6;-8
2;1;-9;0;-4;-5
3;2;-7;-1;-7;-12
3;2;-4;4;-5;-10
5;3;-2;6;-5;-7
1;2;-1;1;-6;-8
2;2;6;3;-5;-8
3;2;-3;0;-6;-10
3;2;-8;4;-4;-6
3;2;0;2;-5;-8
2;1;-1;4;-4;-6
3;2;-3;1;-6;-10
0;1;4;10;-6;-10
2;2;-4;5;-3;-5
1;1;-9;10;-7;-10
4;2;-1;1;-5;-8
3;2;-4;2;-5;-6
1;1;0;2;-5;-7
3;2;-3;0;-5;-7
3;2;-3;1;-6;-11
2;2;-3;3;-5;-6
5;1;-7;13;-5;-5
5;2;10;3;-5;-6
2;2;3;-1;-7;-9
2;2;-4;6;-5;-6
1;2;-9;5;-5;-9
0;1;-3;2;-5;-8
4;2;-3;8;-4;-4
2;2;-5;2;-6;-9
-1;2;-9;1;-6;-10
1;2;-3;2;-6;-9
-1;2;-3;1;-5;-9
2;2;-2;0;-4;-7
1;2;1;0;-6;-8
1;2;-8;0;-5;-7
2;2;-3;2;-5;-6
1;2;-4;0;-5;-9
0;5;-8;0;-5;-8
2;8;-2;2;-5;-6
0;11;0;0;-5;-10
3;15;-4;4;-3;-4
9;17;1;9;-6;-6
22;17;-3;5;-4;-8
46;17;-1;0;-6;-10
68;17;0;-1;-3;-9
94;15;-4;1;-1;-3
111;15;-3;0;-4;-10
121;13;0;1;-4;-8
123;11;-2;3;-3;-4
124;10;5;4;-6;-10
128;9;-3;1;-5;-5
133;9;-3;2;-5;-6
137;10;-9;1;-5;-8
144;11;-2;-1;-4;-8
145;14;-1;0;-4;-6
145;13;-2;1;-4;-4
143;13;0;2;-3;-6
140;15;-6;-1;-5;-6
134;20;0;3;-5;-6
128;26;0;1;-6;-9
118;34;3;3;-5;-6
111;36;0;1;-6;-9
109;38;2;1;-5;-8
97;37;0;4;-4;-6
91;35;-9;4;-7;-10
85;42;-5;7;-7;-10
83;51;2;5;-5;-6
78;59;1;3;-5;-10
77;68;4;5;-6;-6
77;68;2;6;-4;-7
78;68;4;3;-7;-7
80;67;2;2;-5;-10
85;65;3;3;-5;-9
91;66;11;2;-6;-10
94;66;2;4;-5;-6
97;66;4;1;-6;-11
97;68;5;2;-4;-7
97;67;2;6;-4;-6
97;65;2;2;-6;-11
97;65;4;0;-6;-10
98;64;3;4;-6;-10
96;60;3;1;-6;-9
91;59;4;0;-5;-8
88;58;0;2;-5;-8
80;56;9;-1;-7;-11
79;54;-4;1;-6;-8
68;53;1;-1;-6;-8
64;51;-5;0;-6;-10
59;49;1;0;-6;-10
51;47;1;4;-6;-7
44;46;9;5;-5;-7
37;45;2;0;-8;-10
31;44;2;4;-6;-5
25;44;0;1;-6;-9
21;43;1;5;-6;-7
18;40;2;2;-6;-11
14;38;8;4;-5;-5
11;36;0;3;-6;-7
10;35;1;2;-6;-9
8;32;0;-1;-7;-12
10;31;1;8;-4;-6
8;29;2;3;-6;-7
8;28;10;3;-6;-8
7;25;-4;6;-4;-6
6;25;0;3;-7;-9
7;23;4;15;-5;-10
3;21;4;7;-4;-8
3;20;-2;3;-5;-8
5;18;-3;0;-6;-8
6;17;-4;5;-4;-5
5;15;-3;5;-5;-7
4;14;0;0;-6;-9
5;13;7;2;-6;-10
2;11;-9;5;-5;-5
3;11;6;-1;-7;-12
3;9;-9;1;-5;-10
3;10;-1;0;-5;-7
4;8;-3;2;-4;-6
3;7;-3;9;-6;-8
4;8;-7;0;-5;-9
3;6;-9;3;-6;-7
5;4;-6;0;-6;-9
3;5;-4;0;-5;-9
1;4;-4;2;-4;-5
3;4;5;8;-6;-9
3;3;-3;0;-6;-9
3;3;-4;7;-4;-4
2;3;-4;1;-6;-9
4;3;-9;2;-4;-7
3;3;-7;2;-6;-7
3;3;7;-1;-6;-6
3;3;-3;1;-6;-9
3;3;-7;2;-6;-11
9;3;-1;3;-5;-9
3;3;-2;0;-6;-8
4;3;-5;0;-5;-9
3;2;1;2;-5;-7
3;3;-9;0;-5;-8
2;3;-3;-1;-6;-9
4;3;9;7;-5;-7
3;3;-3;0;-6;-10
3;3;-7;9;-4;-4
3;3;-4;1;-6;-8
4;2;-4;2;-5;-7
3;3;-5;2;-5;-8
3;2;-1;2;-5;-6
6;3;6;-1;-6;-8
14;3;-3;1;-6;-9
22;3;-9;0;-4;-7
32;3;-1;2;-5;-10
40;3;-8;2;-4;-6
43;4;-5;1;-5;-9
45;2;-9;2;-5;-9
51;2;0;1;-3;-5
53;3;-2;-1;-6;-8
59;3;-3;6;-4;-6
64;3;-9;0;-6;-8
68;3;-3;1;-4;-8
70;3;-5;1;-3;-6
73;3;2;10;-3;-4
70;2;-8;2;-5;-9
66;2;0;-1;-5;-9
65;2;3;2;-5;-7
62;2;-9;0;-6;-8
64;4;-3;1;-4;-6
62;2;-3;2;-6;-8
59;3;0;0;-5;-8
56;2;-5;2;-5;-6
54;1;-5;1;-5;-9
53;1;-6;-1;-6;-6
48;3;-2;3;-6;-8
46;3;-4;5;-5;-9
44;3;6;2;-5;-6
43;3;-5;-1;-6;-10
41;3;-2;3;-6;-9
41;4;-8;-1;-5;-10
39;2;-4;2;-6;-10
37;2;5;1;-5;-9
35;2;-4;1;-4;-6
34;2;-2;3;-6;-10
34;7;-9;6;-6;-7
34;13;-3;0;-5;-8
36;22;0;1;-5;-6
40;28;-1;0;-5;-9
44;32;-1;2;-5;-8
48;33;2;3;-4;-6
52;34;2;0;-5;-8
57;33;1;5;-4;-7
64;36;4;4;-5;-8
69;34;1;6;-4;-5
74;35;0;0;-6;-10
78;35;1;1;-4;-7
83;35;-1;1;-5;-9
85;35;0;1;-5;-6
85;34;0;2;-5;-7
85;35;1;5;-4;-5
88;35;0;2;-6;-10
86;36;0;2;-5;-4
87;37;4;2;-5;-8
87;37;-1;-1;-6;-10
87;38;1;0;-5;-8
88;39;0;2;-4;-6
87;39;1;0;-6;-10
87;39;3;3;-4;-6
86;41;3;-1;-6;-10
85;41;-1;4;-5;-6
85;40;0;1;-6;-9
82;40;0;-1;-6;-11
82;40;1;1;-5;-7
79;39;4;3;-5;-7
76;40;0;2;-6;-6
76;39;-5;2;-6;-8
72;40;2;4;-5;-6
71;39;1;1;-6;-10
70;40;4;1;-5;-9
68;40;-3;-1;-6;-10
69;41;1;0;-6;-9
68;40;0;1;-5;-6
63;40;-4;3;-5;-8
64;39;1;1;-6;-9
63;39;1;6;-5;-3
61;39;0;1;-6;-6
59;37;1;1;-6;-11
57;36;-1;1;-5;-10
55;36;-8;2;-6;-9
53;35;0;3;-4;-4
52;35;2;9;-6;-11
50;33;1;1;-5;-9
48;33;1;0;-6;-9
46;32;-8;1;-5;-9
46;30;1;0;-6;-9
47;30;0;0;-5;-7
42;28;-3;3;-5;-6
45;27;-7;10;-5;-8
42;27;0;0;-7;-10
41;26;0;1;-6;-8
39;26;8;4;-7;-8
35;23;-1;3;-4;-5
32;22;-5;3;-5;-7
30;21;-1;0;-6;-10
29;20;-1;4;-5;-7
29;18;-4;1;-6;-11
26;18;5;-1;-6;-9
27;16;1;2;-5;-5
25;16;-2;0;-7;-7
23;14;-2;1;-6;-11
21;14;1;4;-4;-5
20;14;1;3;-5;-7
18;12;-2;5;-5;-10
20;11;-8;1;-6;-10
17;10;-1;2;-5;-5
14;9;-5;8;-5;-8
13;8;-4;-1;-7;-10
14;7;-3;3;-4;-4
13;7;-4;0;-7;-11
14;6;1;4;-5;-5
13;6;-4;0;-6;-11
10;5;-1;11;-5;-8
12;5;-3;0;-6;-10
12;5;4;2;-5;-5
12;4;-9;-1;-6;-8
11;5;-3;4;-4;-5
11;5;-2;0;-6;-11
11;5;-3;0;-6;-9
10;4;-4;2;-6;-10
12;5;-6;1;-4;-5
8;5;1;5;-5;-5
10;4;7;1;-6;-10
11;5;-1;0;-5;-9
11;5;-3;1;-6;-9
13;5;-3;5;-4;-6
17;5;-2;0;-6;-9
16;4;-1;-1;-5;-9
16;5;-5;-1;-5;-4
17;4;-2;1;-6;-8
16;4;-4;1;-6;-10
17;5;-1;0;-6;-10
19;5;-1;3;-4;-4
21;5;-7;3;-5;-8
22;5;-3;-1;-5;-8
25;4;4;8;-4;-6
25;4;-3;6;-5;-6
24;6;-2;-1;-7;-10
24;5;-2;3;-5;-8
26;5;3;4;-6;-8
27;5;-3;1;-5;-9
29;6;-8;8;-4;-8
30;6;0;1;-5;-7
31;7;-4;0;-6;-9
32;7;-1;-1;-5;-6
36;8;-3;0;-4;-3
38;9;-4;5;-5;-5
39;10;-2;6;-5;-7
43;10;8;2;-4;-8
40;11;3;0;-7;-11
42;11;-3;2;-4;-7
42;12;-3;2;-6;-10
44;13;-3;1;-5;-9
41;14;10;0;-5;-7
45;15;1;0;-6;-9
47;15;9;4;-4;-3
47;17;-1;10;-5;-5
47;17;-7;4;-5;-9
48;18;2;10;-4;-5
51;19;1;6;-4;-7
53;20;-3;3;-5;-6
55;21;0;7;-5;-7
59;21;5;5;-5;-8
55;22;5;5;-5;-7
60;22;9;1;-6;-11
62;23;0;0;-6;-10
63;24;-1;4;-5;-8
65;24;-7;6;-4;-7
65;24;-1;1;-6;-10
68;26;7;-1;-4;-7
69;24;1;4;-4;-6
69;25;0;0;-7;-10
70;25;-3;1;-5;-9
71;25;1;2;-4;-4
71;24;3;2;-6;-8
72;24;-1;5;-4;-7
73;25;-4;-1;-6;-9
71;25;1;0;-6;-10
73;25;0;1;-5;-9
72;26;-4;-1;-6;-9
70;25;-6;-1;-6;-9
69;25;-6;-1;-5;-7
71;25;-2;0;-6;-9
70;24;-9;2;-5;-7
68;24;0;1;-6;-8
66;24;0;0;-6;-8
68;24;-7;1;-5;-6
66;24;9;0;-5;-7
64;23;-1;4;-4;-4
62;22;-2;4;-6;-5
60;22;-3;8;-6;-10
59;22;0;2;-7;-10
58;21;-3;3;-6;-8
55;21;0;0;-6;-10
56;20;0;3;-6;-9
53;20;0;0;-6;-8
52;18;-2;1;-6;-9
50;18;-5;2;-6;-8
51;17;-5;1;-4;-6
48;16;-3;2;-6;-10
47;16;0;-1;-6;-7
45;16;-7;-1;-6;-10
45;16;-9;2;-4;-4
40;15;0;0;-5;-8
39;14;-4;4;-5;-4
39;13;-1;1;-6;-9
37;13;5;7;-4;-6
40;12;-3;6;-5;-6
40;12;-2;1;-7;-11
40;13;5;-1;-6;-11
41;10;-8;1;-6;-9
36;11;3;7;-4;-6
37;10;-2;1;-6;-10
35;10;-1;2;-6;-6
33;9;-6;2;-4;-7
32;9;-4;2;-5;-9
32;9;-2;1;-6;-9
31;9;4;0;-5;-7
34;9;-7;9;-4;-7
31;8;1;0;-5;-9
31;8;0;0;-5;-9
31;7;3;2;-5;-7
31;8;-3;0;-6;-9
29;7;-1;8;-6;-5
32;6;-9;3;-6;-6
29;7;0;-1;-7;-12
29;7;-2;1;-5;-6
29;7;-8;1;-5;-10
29;7;-3;2;-4;-6
27;7;-2;0;-7;-11
28;7;-9;0;-5;-9
28;6;-9;3;-5;-5
30;6;-2;1;-6;-10
31;6;-8;10;-4;-6
32;6;-9;1;-6;-10
29;6;-3;2;-6;-6
29;6;-3;7;-4;-5
30;6;-2;4;-5;-6
27;6;-3;0;-6;-11
29;6;6;3;-6;-11
30;6;-3;2;-4;-7
31;7;-9;4;-5;-8
31;6;-3;1;-5;-9
32;7;-2;0;-5;-9
36;6;-4;1;-5;-6
36;7;-2;1;-6;-7
36;6;-3;1;-5;-7
38;7;5;0;-6;-10
39;7;2;1;-4;-7
36;7;-2;8;-4;-5
41;7;-9;1;-6;-10
41;8;-2;0;-6;-7
41;7;-3;1;-6;-10
43;7;-2;2;-4;-6
45;7;3;0;-5;-8
45;7;-4;2;-6;-11
45;8;-3;3;-5;-8
45;8;2;0;-5;-8
48;8;-9;1;-6;-9
49;9;-3;2;-6;-9
47;10;-3;2;-4;-4
49;10;-1;0;-6;-10
49;9;4;2;-4;-6
48;9;-3;2;-5;-9
50;9;2;2;-4;-7
49;11;-8;0;-5;-8
53;11;6;1;-7;-10
54;11;8;0;-5;-7
54;12;9;4;-4;-5
54;13;2;1;-5;-5
55;12;3;-1;-7;-9
57;12;7;13;-3;-8
56;13;-6;0;-6;-12
50;11;9;2;-5;-8
55;12;-2;2;-6;-9
50;12;-3;3;-4;-6
53;12;-2;1;-7;-10
54;13;-1;0;-5;-10
53;13;-2;0;-5;-8
54;12;-3;2;-6;-9
53;12;-8;1;-4;-7
54;12;-1;3;-6;-6
54;12;1;-1;-6;-9
54;12;-3;-1;-5;-7
54;12;0;1;-6;-10
54;12;-1;3;-6;-8
54;12;-3;-1;-4;-6
56;12;-8;-1;-6;-10
55;13;-1;9;-5;-4
55;13;0;0;-5;-9
54;13;-7;-1;-5;-7
55;13;5;6;-5;-8
55;13;-3;4;-5;-7
53;13;-3;-1;-7;-11
54;14;-8;4;-5;-6
53;13;-3;5;-5;-8
55;13;-9;3;-5;-7
52;13;-1;2;-6;-8
52;13;0;1;-5;-8
50;14;2;3;-5;-6
53;13;-2;2;-5;-6
52;13;-3;5;-5;-7
53;13;-2;0;-6;-11
53;14;-8;7;-5;-5
53;13;0;3;-7;-11
53;14;4;-1;-6;-7
53;13;2;-1;-5;-8
53;14;-1;0;-6;-11
54;14;-2;2;-4;-7
54;15;0;3;-5;-8
54;14;-3;2;-5;-5
55;14;-1;9;-5;-5
58;14;6;1;-5;-9
54;14;3;3;-5;-8
56;14;0;14;-4;-6
55;14;2;5;-5;-6
54;14;-1;2;-5;-10
54;15;-3;0;-6;-11
56;14;-3;2;-4;-10
55;15;-3;2;-6;-9
53;16;-8;1;-4;-7
53;16;10;1;-4;-4
57;15;-3;8;-6;-11
55;16;-5;-1;-6;-9
55;17;-1;1;-5;-9
55;16;0;3;-5;-3
58;16;-1;0;-5;-8
59;16;3;-1;-5;-5
56;16;2;5;-4;-6
57;16;0;0;-6;-11
56;16;0;1;-5;-7
59;16;-2;0;-5;-8
59;16;-6;0;-5;-7
60;16;-6;1;-6;-6
61;16;-3;3;-6;-11
63;17;3;7;-4;-6
62;16;-9;1;-6;-11
60;16;-4;3;-6;-8
61;16;-1;1;-5;-8
62;16;2;2;-4;-5
63;16;-9;1;-7;-11
64;16;4;5;-5;-9
63;16;-7;4;-4;-6
62;16;-3;2;-6;-10
62;16;-2;1;-5;-9
60;16;8;0;-6;-9
64;16;-3;2;-5;-6
64;17;6;0;-5;-9
62;16;0;0;-4;-4
62;16;-5;0;-5;-9
62;17;-1;1;-6;-9
62;17;-3;4;-4;-6
62;16;-3;4;-6;-5
62;17;-1;1;-6;-11
62;16;-2;4;-4;-6
60;17;-1;5;-6;-9
64;16;2;11;-5;-8
62;17;-3;4;-4;-5
62;17;-3;3;-6;-7
61;17;1;1;-6;-6
60;16;-3;3;-5;-8
61;16;6;8;-7;-10
60;17;-2;2;-4;-5
59;17;-2;1;-5;-8
59;17;-2;1;-6;-10
58;17;-1;1;-6;-9
56;16;8;11;-4;-9
56;16;8;4;-3;-5
59;17;0;1;-6;-11
60;18;-5;-1;-6;-10
58;17;-2;1;-6;-8
57;17;0;2;-6;-8
58;17;1;3;-4;-6
57;17;0;0;-6;-9
58;16;1;3;-4;-6
56;17;-3;7;-5;-5
57;17;-2;3;-5;-5
55;17;0;2;-5;-6
56;17;-2;1;-6;-11
55;17;-2;3;-6;-7
54;17;-3;5;-5;-6
54;17;-1;0;-5;-9
53;17;-2;2;-5;-10
53;17;-2;2;-6;-10
50;17;-1;1;-5;-8
50;17;9;1;-5;-6
51;17;0;5;-5;-5
50;18;0;3;-6;-9
50;18;-4;4;-5;-7
47;18;-6;6;-4;-6
49;17;-2;1;-5;-9
49;18;-2;5;-5;-6
48;18;-1;1;-6;-11
46;20;7;1;-5;-7
48;18;-2;1;-6;-10
49;18;-1;0;-6;-9
49;18;-2;9;-4;-4
47;18;-1;1;-6;-10
50;17;-1;3;-5;-7
49;18;9;-1;-5;-5
49;18;-1;6;-4;-6
49;18;0;3;-7;-10
49;18;-2;1;-5;-9
49;19;2;1;-5;-8
49;19;0;2;-6;-9
48;18;1;0;-5;-5
49;18;-2;2;-5;-7
47;17;-4;2;-6;-9
48;18;0;1;-5;-5
48;18;-8;0;-6;-11
49;18;2;3;-5;-8
49;18;8;0;-4;-7
46;18;-2;1;-5;-8
46;19;-1;0;-5;-8
45;19;0;0;-6;-9
49;18;-2;1;-5;-9
46;18;-1;2;-4;-5
45;19;3;0;-6;-7
47;19;-6;-1;-6;-10
46;19;-3;-1;-6;-11
45;18;2;8;-5;-4
43;19;0;4;-5;-6
43;18;-2;2;-6;-10
43;18;-2;2;-6;-9
42;18;1;8;-4;-5
41;18;0;0;-5;-10
41;19;-4;3;-5;-9
41;19;2;2;-5;-9
43;19;-2;3;-5;-5
42;19;-2;0;-6;-10
44;19;-2;1;-6;-9
45;19;-2;17;-4;-4
44;19;1;3;-6;-9
45;19;0;0;-5;-8
45;18;0;2;-6;-9
44;19;-3;5;-4;-5
45;18;1;3;-5;-8
45;19;-1;0;-6;-11
44;19;1;0;-5;-8
43;18;-5;-1;-6;-9
44;19;-7;9;-5;-9
45;19;-5;3;-4;-5
45;19;2;4;-5;-6
45;19;-4;-1;-7;-10
44;19;-1;3;-4;-4
45;19;-7;-1;-6;-8
44;18;5;-1;-5;-8
44;19;-7;2;-7;-11
45;19;-6;14;-5;-5
45;19;-5;0;-6;-6
45;19;-1;1;-6;-11
44;19;0;0;-5;-9
46;19;8;1;-4;-4
45;19;0;2;-6;-9
45;19;-2;3;-6;-8
44;20;-2;5;-4;-5
40;19;-9;2;-6;-11
42;20;-9;2;-5;-9
41;19;0;2;-4;-6
38;20;1;0;-5;-7
40;19;-1;1;-5;-7
41;18;-3;1;-6;-10
36;19;0;0;-5;-8
39;19;-3;3;-6;-6
38;19;2;-1;-6;-9
36;19;0;0;-6;-10
37;19;-1;4;-5;-4
36;19;4;0;-5;-7
36;19;-9;1;-6;-7
34;19;-4;8;-4;-7
34;19;0;0;-6;-9
32;19;0;1;-6;-9
32;19;-1;4;-4;-6
31;19;-1;1;-6;-7
31;19;-2;0;-6;-10
30;19;-1;3;-4;-5
31;19;-2;2;-5;-6
30;19;-1;1;-6;-12
29;18;2;6;-4;-8
29;18;-1;2;-5;-7
29;18;1;5;-5;-8
31;19;-2;11;-6;-11
28;17;-1;3;-6;-8
27;18;-1;3;-4;-5
27;17;-5;-1;-5;-10
27;18;-7;-1;-6;-10
27;18;-3;0;-6;-9
27;18;-2;2;-5;-8
28;18;-2;1;-5;-5
27;18;10;0;-6;-9
27;17;-2;6;-4;-6
29;18;8;0;-6;-10
27;18;1;5;-4;-3
27;18;-3;-1;-5;-8
28;18;0;3;-6;-8
25;17;1;13;-4;-6
26;18;0;5;-6;-7
27;18;0;0;-5;-7
26;19;-2;3;-5;-9
27;19;-1;2;-6;-10
27;19;-1;1;-5;-10
26;20;-5;7;-4;-5
27;20;-2;0;-6;-10
28;20;-2;5;-6;-9
31;19;-7;1;-5;-8
27;21;0;0;-5;-8
31;21;-6;13;-5;-8
31;22;-1;2;-4;-4
31;22;-2;0;-5;-8
30;22;-1;1;-5;-9
32;22;-5;-1;-5;-6
32;23;-2;2;-5;-9
33;24;-7;-1;-6;-10
34;25;4;4;-6;-10
32;23;-5;2;-4;-6
32;25;0;0;-6;-9
32;24;-1;1;-6;-9
32;25;1;4;-3;-4
32;25;-1;0;-6;-9
32;24;-2;2;-7;-10
31;25;-4;1;-6;-10
33;25;9;9;-6;-8
30;25;0;-1;-5;-8
30;24;-2;-1;-6;-7
28;24;0;1;-5;-7
28;24;-1;5;-5;-4
29;24;-2;1;-6;-10
26;24;5;2;-6;-10
24;23;0;4;-5;-4
21;21;1;0;-6;-7
20;22;-2;1;-5;-8
14;21;0;0;-5;-5
13;20;-2;2;-5;-6
10;18;-9;0;-7;-12
8;17;1;4;-4;-6
6;15;1;2;-5;-9
5;14;-7;2;-5;-6
6;12;6;3;-6;-7
4;12;-1;-1;-6;-10
3;10;-1;0;-7;-11
2;8;-3;1;-5;-8
3;7;-2;2;-5;-6
2;6;-4;0;-6;-7
2;5;7;-1;-6;-10
3;4;-4;1;-6;-7
5;3;-7;7;-6;-9
3;3;-8;5;-4;-5
2;3;6;0;-6;-10
4;2;-3;1;-6;-10
1;2;-9;0;-5;-8
3;2;-4;2;-5;-7
1;0;-7;2;-6;-10
3;2;-9;1;-5;-9
3;2;-2;2;-5;-6
3;2;-3;-1;-6;-8
3;2;-4;11;-4;-6
3;2;-3;5;-4;-5
3;2;-3;3;-7;-9
4;2;-3;1;-6;-8
4;3;-2;0;-5;-7
6;1;-8;1;-6;-9
3;2;-1;2;-4;-6
2;1;-9;1;-7;-11
5;3;3;5;-6;-10
3;1;-3;2;-5;-8
3;2;-2;5;-4;-5
4;2;-7;0;-6;-10
5;1;-3;8;-4;-5
3;1;-3;1;-5;-10
4;2;-1;5;-5;-6
3;1;-3;1;-5;-9
3;2;-2;0;-6;-9
4;1;-3;1;-5;-8
4;2;-7;-1;-5;-8
3;2;-2;0;-5;-7
4;1;2;-1;-6;-10
4;2;-9;2;-6;-9
3;2;-1;2;-5;-6
3;1;-3;1;-5;-9
7;3;0;2;-6;-6
3;1;-3;1;-5;-8
3;2;-9;0;-7;-10
3;1;-4;6;-4;-4
3;1;-4;2;-6;-10
7;1;3;1;-6;-9
3;2;3;1;-6;-10
2;2;-9;3;-4;-6
2;3;4;0;-6;-10
5;1;-4;2;-4;-7
11;2;-3;0;-6;-10
17;2;-2;6;-3;-5
25;2;-4;5;-5;-5
32;2;-3;1;-5;-8
33;3;-3;0;-6;-10
37;2;-3;1;-4;-7
32;4;0;3;-5;-7
34;3;3;4;-5;-5
27;3;-2;2;-6;-10
25;2;-1;7;-4;-6
25;2;-4;2;-5;-10
30;2;-1;3;-4;-7
36;2;-7;-1;-6;-9
47;1;4;4;-4;-7
55;3;-6;0;-6;-10
59;3;-1;1;-4;-6
59;3;-3;1;-6;-9
57;2;-4;1;-5;-8
51;3;-5;1;-4;-8
49;6;-2;3;-5;-7
44;9;4;4;-5;-7
38;10;-2;1;-6;-10
31;11;-1;0;-6;-10
27;10;-9;4;-5;-5
22;10;1;6;-5;-6
26;9;-5;2;-6;-8
31;8;-3;2;-6;-10
38;9;-2;1;-5;-7
45;9;0;1;-6;-7
50;11;-3;2;-4;-5
50;15;0;0;-6;-10
50;19;-1;1;-5;-9
47;23;-5;2;-7;-10
42;22;-4;1;-4;-6
39;22;-2;3;-6;-5
34;22;-2;1;-5;-9
30;20;-2;0;-6;-7
30;18;2;-1;-5;-6
35;16;-2;3;-5;-7
42;14;-3;3;-5;-8
50;14;0;2;-5;-7
56;14;-2;0;-5;-8
59;15;-6;5;-3;-7
59;18;-1;-1;-6;-9
55;22;-6;5;-4;-6
57;24;-1;1;-6;-10
46;27;-8;0;-6;-10
43;27;3;2;-4;-6
36;26;0;1;-5;-9
31;24;-2;2;-7;-10
27;22;1;10;-4;-6
30;20;1;7;-5;-6
36;19;1;0;-6;-8
41;17;-3;6;-6;-8
41;19;9;1;-5;-9
46;22;-1;1;-5;-10
44;26;0;0;-5;-7
39;29;-1;0;-5;-9
37;31;-2;2;-6;-10
32;31;3;4;-4;-6
27;31;1;-1;-7;-11
23;29;0;1;-6;-10
18;27;1;2;-4;-5
17;25;0;1;-7;-10
22;23;2;1;-4;-5
33;21;-2;2;-5;-9
50;23;-2;2;-5;-10
65;26;3;1;-4;-5
73;31;-2;8;-3;-6
78;32;-7;13;-4;-8
78;35;-3;3;-4;-7
85;36;-3;1;-5;-10
86;36;1;3;-4;-5
90;35;-5;3;-5;-8
93;33;16;4;-4;-7
94;32;-4;12;-6;-6
92;30;2;1;-5;-6
91;28;0;1;-6;-10
88;29;1;0;-5;-10
87;32;0;1;-5;-8
85;39;2;6;-3;-6
83;41;0;0;-6;-9
83;43;1;3;-4;-7
82;45;1;3;-4;-3
80;44;2;0;-5;-5
76;43;2;1;-6;-9
73;41;2;4;-5;-7
71;37;0;1;-7;-9
68;34;7;3;-5;-8
63;34;0;0;-7;-11
63;35;9;3;-6;-11
63;35;-6;1;-6;-9
62;38;12;2;-4;-3
61;41;2;4;-6;-5
59;42;2;1;-5;-6
59;40;2;0;-6;-11
58;39;-1;4;-4;-6
60;37;0;2;-6;-9
57;33;-2;4;-6;-7
56;31;0;1;-7;-11
50;28;3;4;-4;-7
49;25;-2;4;-5;-8
48;23;9;0;-6;-11
42;23;-1;1;-6;-10
40;26;-1;4;-4;-5
40;30;-2;0;-5;-8
38;35;0;1;-6;-10
39;37;4;4;-6;-9
40;40;4;15;-4;-5
39;39;0;1;-6;-9
39;36;1;5;-5;-5
41;35;0;-1;-6;-7
45;34;1;1;-5;-9
46;34;0;4;-6;-11
48;32;-1;2;-6;-10
48;31;2;4;-4;-6
46;31;1;0;-6;-10
49;29;0;3;-6;-9
45;29;-8;0;-6;-10
48;28;-3;2;-5;-6
47;27;3;0;-5;-7
46;26;-1;0;-5;-8
44;25;-1;2;-5;-8
45;25;-4;4;-6;-6
44;24;-3;-1;-6;-7
44;23;-1;2;-5;-5
41;22;12;3;-6;-6
41;21;-1;0;-6;-11
41;21;0;0;-6;-10
40;20;0;0;-6;-10
39;20;-1;6;-4;-7
39;20;10;4;-5;-7
31;20;-5;0;-6;-9
36;18;1;2;-6;-8
32;18;-1;-1;-5;-5
33;17;-1;5;-5;-9
31;17;1;2;-4;-6
31;17;-2;1;-7;-10
33;17;-5;3;-5;-7
28;17;-2;7;-5;-7
28;17;6;6;-5;-9
29;17;-9;4;-5;-7
27;17;0;5;-5;-6
27;17;-3;8;-5;-6
27;16;-2;0;-7;-12
26;16;2;0;-5;-8
27;17;0;2;-6;-9
27;17;-2;1;-5;-6
29;17;1;2;-4;-7
30;16;-2;2;-5;-8
28;18;2;0;-6;-10
31;17;-1;4;-5;-5
33;19;-1;0;-5;-9
34;18;-1;5;-4;-5
36;19;-7;1;-5;-9
40;19;7;1;-5;-10
39;20;0;0;-5;-9
40;20;-1;4;-5;-7
40;21;1;0;-6;-9
40;21;0;1;-5;-7
44;22;-2;4;-4;-4
41;22;2;3;-5;-5
44;24;0;0;-6;-9
40;24;-2;5;-6;-6
42;25;0;2;-6;-10
40;26;-1;-1;-5;-5
41;27;0;6;-4;-6
43;26;2;5;-5;-7
43;26;-9;2;-5;-8
42;26;-3;2;-4;-6
41;27;-5;5;-5;-8
40;28;-2;2;-6;-10
43;28;-2;7;-4;-5
45;28;-7;1;-6;-10
41;28;1;0;-6;-10
39;29;1;0;-5;-9
39;29;-1;2;-4;-4
38;28;-9;2;-4;-6
36;28;-2;2;-6;-11
38;27;7;1;-6;-11
35;29;1;0;-6;-9
31;28;-1;5;-6;-8
29;27;0;3;-5;-4
31;26;0;1;-6;-7
26;26;4;0;-6;-11
26;25;0;5;-4;-5
24;24;1;3;-5;-8
23;24;-1;4;-5;-9
20;23;1;0;-6;-6
17;23;-7;-1;-5;-7
15;21;0;0;-6;-9
11;20;1;0;-6;-9
10;18;-3;0;-6;-7
11;17;-2;0;-6;-10
6;16;-1;9;-6;-10
11;14;0;0;-5;-8
5;12;0;0;-7;-11
6;10;-6;1;-5;-7
5;10;-1;0;-6;-9
8;8;-3;2;-4;-4
2;7;-2;-1;-6;-11
7;6;-3;0;-5;-8
5;4;-5;1;-6;-9
4;5;-1;0;-4;-4
3;3;-7;4;-5;-6
3;2;-3;1;-6;-11
4;2;-3;2;-6;-8
5;2;-3;5;-5;-8
4;3;0;5;-4;-6
2;2;-9;4;-5;-5
5;1;-4;2;-5;-9
5;1;-2;1;-6;-10
4;2;-2;3;-6;-9
6;1;2;2;-6;-7
4;2;-1;-1;-4;-7
3;1;-7;-1;-5;-10
4;2;-1;1;-6;-7
4;2;-3;2;-4;-6
3;1;2;11;-6;-9
3;1;-4;0;-5;-10
4;2;-3;5;-5;-4
5;1;0;1;-6;-7
4;2;-2;3;-6;-10
4;2;-3;1;-5;-10
5;2;3;0;-5;-10
5;2;-3;0;-6;-8
4;2;0;4;-5;-7
5;2;-3;1;-6;-9
2;1;-2;0;-5;-9
5;2;-8;1;-6;-9
7;2;2;0;-6;-8
5;2;-2;4;-4;-4
4;2;0;4;-5;-7
5;2;-4;2;-7;-8
5;1;-3;3;-6;-10
4;1;0;5;-4;-6
7;2;-3;0;-6;-10
5;1;-3;2;-5;-9
4;2;-7;4;-4;-6
5;2;-3;1;-6;-9
5;2;-3;0;-5;-9
5;2;-2;5;-4;-5
5;2;-2;4;-6;-9
5;2;-2;3;-5;-6
4;2;-8;0;-6;-9
3;1;-3;1;-6;-8
4;2;-1;4;-5;-4
5;1;1;6;-5;-6
3;2;0;2;-5;-8
4;2;-1;2;-5;-7
3;2;-4;9;-5;-5
5;2;-9;4;-5;-8
3;2;-8;3;-7;-11
0;1;-3;1;-5;-9
3;2;-2;5;-4;-6
3;2;-1;1;-5;-4
8;2;-3;2;-6;-8
17;3;-8;6;-4;-8
27;1;-9;-1;-5;-10
38;2;7;1;-4;-5
43;3;-9;2;-4;-5
49;3;-8;-1;-5;-9
42;2;-3;1;-4;-6
41;2;0;7;-4;-6
35;3;-1;0;-6;-9
33;2;-4;0;-6;-9
29;2;-1;7;-4;-6
29;2;-3;3;-5;-6
36;3;-2;1;-6;-11
45;1;10;1;-5;-9
46;2;-3;0;-5;-10
45;2;7;1;-4;-6
45;3;-4;0;-6;-5
40;2;0;4;-5;-7
34;3;-3;11;-7;-8
33;2;-3;1;-6;-10
27;4;-2;0;-5;-8
24;2;-3;-1;-4;-5
22;2;-2;0;-6;-10
24;1;-7;1;-5;-5
26;2;-4;-1;-7;-11
27;1;4;0;-6;-10
24;1;-2;-1;-5;-8
23;2;-1;9;-4;-4
17;3;-9;0;-6;-9
19;3;-6;-1;-6;-10
17;3;-2;2;-4;-4
19;3;-3;0;-5;-9
26;4;1;3;-6;-6
34;7;4;-1;-6;-11
37;12;-3;2;-5;-9
40;18;-4;6;-4;-4
39;24;0;0;-5;-9
36;28;0;1;-5;-9
32;29;2;0;-5;-7
30;28;4;-1;-5;-5
40;26;0;0;-5;-8
60;24;-1;0;-5;-9
85;23;-3;2;-4;-8
108;24;-4;1;-2;-5
120;26;5;-1;-5;-9
123;29;-1;2;-3;-3
121;34;1;0;-5;-9
122;37;-1;3;-3;-4
123;38;-1;2;-5;-9
130;40;0;1;-3;-6
135;41;-2;7;-4;-7
137;39;1;6;-3;-5
135;41;2;3;-4;-6
135;47;1;1;-6;-11
129;53;10;1;-4;-6
126;59;5;5;-4;-7
124;61;14;0;-7;-10
121;61;3;-1;-6;-8
118;59;2;2;-6;-7
117;55;5;1;-7;-9
113;52;4;1;-6;-10
103;49;0;2;-6;-9
96;51;3;0;-7;-12
89;56;1;1;-6;-8
83;60;-2;5;-6;-6
81;60;4;8;-5;-7
79;59;-2;5;-5;-8
82;58;-1;6;-5;-7
81;53;2;4;-6;-6
85;47;6;1;-6;-11
82;46;0;-1;-6;-9
77;41;-6;1;-6;-10
69;43;2;0;-6;-10
66;47;1;2;-5;-5
63;51;1;2;-6;-10
58;54;-5;0;-5;-9
59;56;-5;0;-5;-8
61;55;3;-1;-5;-7
62;53;2;4;-5;-5
64;50;0;4;-5;-4
66;49;-1;1;-7;-8
67;49;6;15;-4;-6
67;47;0;2;-7;-11
68;47;2;5;-5;-6
66;47;2;1;-6;-9
63;46;1;1;-6;-11
63;45;0;-1;-6;-10
63;44;2;3;-4;-5
60;43;4;0;-6;-11
62;42;0;6;-5;-5
62;40;1;3;-4;-7
62;40;0;1;-6;-11
59;38;4;0;-6;-10
60;37;1;1;-5;-9
55;36;1;0;-6;-9
57;35;0;1;-5;-8
55;34;0;0;-6;-8
53;33;1;4;-5;-4
50;33;0;3;-6;-10
45;31;-9;6;-4;-4
42;30;12;4;-5;-7
42;28;3;5;-5;-7
40;28;2;5;-5;-7
38;26;-5;-1;-7;-11
34;26;-7;1;-5;-7
35;24;-1;0;-7;-11
32;23;-2;1;-5;-8
31;21;-1;2;-5;-8
29;20;-5;-1;-6;-6
28;19;0;0;-7;-10
26;20;1;2;-6;-10
25;17;-1;1;-6;-7
24;17;-2;0;-5;-5
22;16;1;1;-6;-9
19;15;-3;-1;-5;-8
17;14;0;2;-4;-4
17;13;-3;0;-7;-9
15;12;-3;10;-5;-6
15;12;-1;3;-6;-11
13;11;-2;3;-5;-8
14;11;1;1;-4;-6
14;10;0;4;-4;-5
16;9;5;4;-5;-8
13;10;2;1;-5;-8
12;9;-3;2;-5;-8
14;9;-2;5;-5;-7
12;9;-1;0;-6;-11
11;9;-3;0;-6;-10
13;9;-2;4;-6;-8
9;7;-9;-1;-5;-7
11;8;-4;3;-6;-7
10;7;-2;1;-5;-9
10;8;-2;0;-6;-9
14;7;0;1;-6;-9
11;7;-3;1;-4;-6
12;7;-3;1;-5;-9
12;7;-2;0;-6;-9
12;7;-3;0;-5;-5
13;7;-4;3;-5;-9
12;7;-3;1;-5;-9
11;8;-9;0;-6;-9
14;7;-3;1;-5;-9
17;8;4;3;-4;-5
17;7;-3;1;-4;-6
17;7;0;1;-6;-8
18;7;-4;3;-5;-6
19;7;-5;4;-6;-8
20;7;-3;1;-5;-9
18;8;-7;0;-6;-6
25;8;-7;2;-4;-8
24;9;-1;0;-6;-10
25;9;-2;2;-4;-7
30;10;7;0;-5;-10
29;10;-3;0;-5;-9
29;10;-3;2;-5;-8
32;12;-2;5;-3;-4
32;13;-7;8;-7;-10
32;13;0;3;-4;-6
35;14;-1;0;-6;-10
38;13;1;5;-4;-5
38;15;-2;5;-5;-6
41;15;-4;2;-6;-8
43;15;-3;2;-6;-11
42;16;-6;1;-5;-9
46;16;0;1;-5;-7
46;16;-2;3;-6;-8
47;16;10;4;-4;-7
52;18;-7;1;-5;-7
50;18;-3;3;-5;-6
53;18;-2;0;-6;-11
53;18;-8;2;-5;-9
55;20;-1;3;-5;-7
55;20;7;6;-6;-7
58;20;-2;2;-4;-5
58;20;0;4;-6;-7
58;20;9;1;-6;-10
60;21;0;0;-4;-8
59;21;-2;-1;-4;-7
58;20;-8;2;-5;-9
59;20;-7;8;-5;-5
57;21;0;0;-6;-10
59;20;-1;1;-5;-9
56;21;0;1;-4;-6
61;20;7;1;-6;-9
59;21;0;0;-6;-10
59;21;-4;0;-6;-9
57;20;-8;2;-5;-8
61;20;1;1;-6;-8
57;21;-5;5;-5;-3
57;21;2;0;-6;-10
59;22;4;1;-4;-7
55;21;5;2;-4;-6
54;20;-1;1;-6;-6
53;20;-2;3;-6;-8
53;20;-3;5;-6;-9
52;20;-1;-1;-5;-9
53;20;7;1;-4;-6
50;18;-5;2;-5;-8
50;20;-2;4;-5;-4
49;19;-2;1;-6;-9
48;19;1;0;-5;-7
48;19;-3;2;-4;-5
46;18;-2;15;-4;-8
47;18;-2;2;-5;-9
46;19;0;0;-7;-11
49;19;-8;-1;-5;-6
46;18;0;0;-6;-11
47;18;-2;2;-4;-4
47;18;-1;3;-5;-8
47;17;-2;6;-5;-6
47;17;-2;2;-6;-12
47;17;-3;1;-4;-8
46;17;0;0;-6;-10
45;17;-6;1;-4;-3
46;17;0;0;-7;-11
48;17;-1;1;-6;-10
45;17;0;0;-5;-9
47;16;-2;5;-5;-3
44;15;7;5;-5;-9
47;15;-3;1;-5;-7
50;16;3;0;-6;-10
51;16;-2;1;-6;-9
48;16;-4;-1;-6;-9
48;16;-2;1;-6;-7
49;16;-2;0;-6;-9
49;15;-2;0;-5;-9
49;15;0;12;-4;-4
51;15;-3;5;-4;-4
50;15;-6;-1;-7;-8
52;14;-2;3;-6;-9
54;16;1;-1;-5;-5
53;15;-2;2;-6;-8
54;14;-9;2;-4;-7
52;15;0;4;-4;-7
53;14;-3;7;-5;-6
53;14;2;-1;-6;-10
53;15;1;1;-5;-6
56;14;-3;-1;-7;-11
53;14;0;9;-4;-7
53;15;-2;1;-6;-12
54;14;1;0;-5;-8
54;14;-2;0;-6;-8
54;14;1;2;-6;-8
56;15;-8;-1;-5;-5
54;14;0;0;-6;-9
55;14;-3;1;-5;-7
54;15;2;0;-4;-6
57;14;-6;1;-6;-10
54;14;-7;-1;-6;-11
52;14;-3;0;-5;-9
55;13;1;4;-5;-8
55;14;-1;1;-5;-7
54;15;-6;4;-4;-5
52;14;-4;1;-5;-5
53;15;-3;2;-5;-7
53;14;-2;1;-7;-10
53;14;-3;0;-6;-9
52;14;-3;0;-6;-10
49;15;-2;3;-6;-8
49;14;-2;1;-6;-8
47;14;0;1;-5;-4
47;14;-2;3;-5;-7
45;14;-8;4;-6;-10
45;14;-2;1;-5;-10
44;14;1;1;-4;-6
40;16;-3;0;-5;-7
41;14;-2;4;-5;-6
40;15;1;5;-5;-7
39;15;-1;0;-7;-12
37;15;-2;2;-4;-4
36;15;3;2;-5;-6
36;14;-3;4;-6;-7
34;15;-3;1;-6;-10
32;15;-9;7;-4;-6
32;16;-3;2;-6;-11
30;15;-6;1;-5;-9
30;15;-1;0;-6;-8
29;15;-2;3;-5;-6
25;15;-1;3;-5;-6
29;14;3;4;-4;-7
25;15;-2;0;-5;-8
25;16;-2;2;-5;-8
21;15;4;1;-6;-7
19;15;-6;-1;-5;-8
17;14;1;6;-4;-5
16;13;-2;1;-7;-11
13;14;6;-1;-6;-10
12;12;-2;1;-6;-9
11;11;-3;-1;-6;-10
10;10;-3;2;-4;-6
9;9;-3;2;-5;-8
5;8;-9;1;-6;-9
8;7;5;0;-6;-8
6;7;-6;1;-5;-9
6;6;0;0;-5;-5
8;5;-3;1;-6;-9
6;5;-9;-1;-5;-5
5;5;-3;0;-6;-11
6;4;-4;5;-6;-7
3;3;-2;3;-5;-7
3;4;-9;2;-4;-5
4;2;0;-1;-6;-7
5;3;-8;0;-7;-11
4;3;-4;3;-4;-7
5;2;-3;0;-7;-11
4;1;-4;2;-6;-9
6;2;-9;3;-5;-8
4;2;-1;3;-5;-5
4;2;-5;2;-4;-6
4;3;-3;0;-5;-8
4;1;5;2;-6;-10
3;2;0;5;-5;-4
5;2;0;4;-4;-6
5;2;-1;3;-5;-6
5;2;-7;10;-5;-6
4;2;-3;7;-5;-7
2;1;-1;2;-6;-11
5;2;-5;1;-5;-9
2;3;12;2;-5;-7
4;2;-2;3;-4;-4
4;2;-2;6;-5;-5
4;2;1;2;-6;-11
7;3;-5;0;-5;-10
4;2;-2;5;-4;-5
6;3;3;-1;-7;-10
3;2;-3;1;-5;-10
3;2;-2;0;-6;-10
5;3;-6;-1;-5;-4
2;3;6;4;-5;-6
5;2;0;3;-5;-7
6;2;-1;5;-5;-7
7;2;-3;2;-7;-11
7;2;4;3;-4;-4
8;1;-3;5;-5;-6
8;2;7;0;-6;-11
7;2;-3;10;-4;-5
7;2;-4;0;-6;-12
10;2;0;1;-5;-10
17;3;-3;1;-3;-6
25;1;-1;11;-4;-6
36;2;-4;0;-6;-10
45;2;-3;-1;-4;-7
50;3;-3;2;-5;-7
51;2;-3;1;-5;-9
49;3;-2;0;-5;-8
46;3;-3;4;-4;-4
42;2;-4;2;-6;-9
34;1;-3;1;-6;-9
27;2;-2;0;-5;-8
27;2;-9;5;-4;-5
32;2;-2;0;-6;-9
47;2;-4;0;-5;-7
67;2;-3;1;-5;-8
86;2;-4;1;-3;-5
98;3;-3;4;-4;-3
103;2;8;8;-4;-6
101;2;1;0;-6;-10
103;2;-9;1;-4;-9
102;2;-8;1;-5;-8
109;2;-2;5;-5;-6
113;3;-3;0;-5;-9
122;3;-3;0;-5;-9
123;2;-4;2;-4;-7
125;2;-9;1;-4;-7
123;4;-9;4;-3;-2
123;6;-3;3;-5;-6
122;13;10;1;-5;-6
119;18;-1;1;-5;-8
118;24;-1;-1;-4;-7
116;28;10;3;-6;-9
111;30;-2;-1;-4;-8
108;30;3;-1;-5;-5
106;27;2;0;-6;-8
102;25;-1;1;-6;-9
99;24;0;2;-7;-9
99;24;3;1;-5;-9
93;27;0;1;-5;-6
93;30;-5;3;-5;-6
91;33;-1;4;-6;-9
94;35;14;6;-3;-6
92;34;9;1;-5;-8
92;33;-4;1;-6;-10
94;32;3;2;-4;-6
94;30;0;1;-5;-9
93;28;0;3;-5;-4
91;30;-6;3;-7;-7
88;33;1;2;-6;-10
88;40;4;6;-4;-8
87;44;2;0;-6;-10
87;45;0;1;-5;-8
92;46;0;-1;-7;-10
92;44;-4;-1;-6;-11
94;43;0;3;-5;-5
94;43;1;0;-7;-12
94;42;-9;2;-7;-10
96;42;-1;1;-5;-10
96;43;2;0;-5;-8
90;43;-1;4;-4;-5
91;42;6;4;-7;-10
91;42;1;1;-6;-9
90;41;-3;0;-5;-7
89;40;2;2;-6;-8
87;41;-1;4;-4;-5
85;40;3;-1;-7;-10
83;40;0;0;-6;-9
81;39;0;4;-5;-6
81;39;-5;3;-7;-10
78;38;1;1;-6;-10
76;37;5;8;-5;-5
76;36;17;1;-5;-6
75;34;-9;3;-7;-9
72;34;1;3;-6;-7
71;34;1;0;-6;-10
68;33;-8;3;-6;-6
64;32;1;2;-7;-10
63;31;0;0;-6;-12
63;30;-3;0;-6;-9
59;30;-5;0;-5;-6
61;28;-1;2;-6;-10
60;27;2;3;-5;-8
59;27;0;1;-6;-9
58;25;0;3;-5;-4
59;24;7;0;-7;-9
56;23;0;1;-6;-10
54;22;12;5;-3;-5
55;20;0;2;-5;-9
53;20;-2;2;-6;-11
52;18;-5;4;-4;-6
53;18;-1;1;-5;-8
53;17;0;2;-5;-7
50;16;-1;5;-5;-6
50;15;-2;1;-6;-8
51;14;2;5;-6;-7
48;12;-5;11;-4;-6
51;12;0;5;-5;-8
49;12;-2;1;-7;-10
50;12;-1;3;-6;-8
51;11;-2;3;-6;-9
50;10;0;2;-5;-8
50;10;-2;2;-4;-4
50;10;-4;4;-5;-6
49;9;-1;4;-5;-6
48;8;-1;9;-4;-8
48;8;-3;9;-5;-7
50;9;7;0;-7;-12
45;8;0;3;-5;-10
48;10;-5;-1;-5;-8
45;8;-3;1;-6;-6
43;9;-2;1;-5;-9
42;8;-4;2;-6;-10
42;8;5;7;-4;-5
43;8;-3;6;-5;-6
40;9;-1;0;-6;-7
39;8;-6;4;-5;-8
36;9;2;4;-5;-7
35;8;-4;2;-6;-7
34;9;-1;3;-4;-7
33;9;0;7;-5;-7
31;8;-9;2;-7;-11
31;8;-3;1;-6;-10
27;9;-9;0;-5;-6
30;8;-2;4;-6;-7
28;9;-2;4;-5;-5
28;8;4;2;-5;-6
30;9;0;0;-5;-10
26;9;1;2;-5;-8
26;9;-4;4;-5;-5
26;9;-2;3;-5;-7
26;9;2;5;-5;-7
25;9;-2;0;-7;-12
24;9;-3;7;-7;-10
20;9;-2;1;-6;-9
20;9;-4;9;-5;-9
19;9;-3;2;-4;-6
16;8;-4;2;-5;-5
15;7;-2;4;-5;-4
13;8;0;0;-6;-9
12;8;-3;1;-6;-11
11;7;-2;0;-6;-10
10;7;-2;6;-5;-4
9;7;-1;2;-5;-10
8;6;-5;2;-5;-9
6;6;-3;2;-6;-8
10;6;-2;2;-5;-6
7;6;-3;4;-6;-9
7;5;-3;1;-5;-7
5;5;9;6;-4;-4
5;4;-3;1;-6;-6
6;6;0;4;-5;-8
8;4;-3;2;-6;-9
5;5;-4;2;-6;-9
6;4;-4;2;-6;-11
5;4;-3;2;-5;-10
6;4;-3;1;-5;-9
5;5;-1;0;-5;-8
8;5;-6;7;-4;-4
6;5;-8;1;-5;-9
5;4;-6;7;-4;-5
5;4;-9;2;-6;-7
5;4;-3;0;-6;-11
6;5;-2;0;-6;-10
6;5;-2;2;-5;-6
6;5;-5;2;-4;-6
6;5;1;5;-4;-7
6;5;-2;3;-5;-6
5;5;-3;3;-7;-11
6;5;-9;4;-5;-9
8;5;-3;1;-5;-9
6;5;-8;6;-4;-5
10;5;-3;1;-6;-10
10;6;1;3;-6;-6
10;6;3;2;-4;-7
11;6;-3;0;-6;-10
17;6;-3;4;-4;-5
30;6;-9;2;-6;-10
53;7;-1;1;-3;-6
66;9;-4;0;-4;-5
85;9;0;10;-3;-4
95;10;-1;0;-5;-10
100;10;6;0;-4;-10
102;11;-2;4;-4;-4
106;11;-3;0;-5;-10
106;10;-3;2;-5;-9
113;11;-2;1;-4;-8
111;12;-4;0;-4;-7
118;11;-3;1;-4;-4
120;11;-2;-1;-5;-6
118;12;-3;1;-5;-8
120;10;-7;2;-4;-4
119;9;-4;2;-5;-8
111;8;-1;1;-4;-8
113;9;5;1;-6;-9
106;9;-1;3;-6;-7
100;8;6;5;-5;-5
92;8;1;4;-5;-5
87;9;-1;1;-7;-7
79;13;1;4;-6;-8
73;16;-2;1;-7;-12
68;20;7;0;-6;-10
61;22;-2;2;-5;-8
57;24;0;0;-6;-9
54;23;-7;0;-5;-8
50;24;-5;-1;-6;-10
51;21;-3;5;-4;-4
46;19;0;0;-6;-11
46;17;0;0;-5;-5
44;15;-2;6;-4;-7
43;14;-2;1;-6;-9
38;14;9;2;-5;-6
35;14;-2;1;-7;-11
31;17;-8;-1;-4;-6
29;18;2;5;-5;-6
26;19;-7;4;-5;-8
25;20;-1;0;-5;-7
23;19;0;6;-6;-7
21;16;1;8;-5;-6
19;16;0;0;-6;-7
20;14;-7;4;-6;-10
15;12;-1;3;-7;-11
14;11;-3;1;-6;-11
18;13;7;9;-3;-6
28;16;-3;2;-5;-9
39;21;-2;3;-5;-6
50;25;0;3;-5;-9
58;29;4;5;-3;-7
66;29;3;0;-5;-8
72;31;0;0;-5;-7
73;29;2;7;-4;-5
78;30;2;6;-4;-5
81;30;1;4;-4;-6
88;31;1;5;-5;-7
86;32;0;3;-6;-8
86;33;1;0;-6;-11
88;33;0;1;-6;-10
83;34;-3;0;-6;-9
85;34;-1;1;-5;-9
83;35;3;5;-3;-4
84;36;0;3;-6;-7
84;36;-2;5;-4;-7
86;36;2;-1;-6;-10
83;36;2;0;-5;-8
83;36;3;3;-5;-7
78;36;4;4;-5;-7
78;36;1;1;-6;-11
77;37;2;0;-7;-9
74;36;0;1;-6;-9
73;36;2;2;-4;-6
72;36;4;9;-5;-6
68;36;10;0;-5;-10
70;36;1;4;-6;-9
68;35;3;3;-4;-7
67;35;0;4;-5;-4
64;34;0;0;-7;-11
63;33;0;0;-6;-10
62;33;0;2;-5;-7
59;32;0;4;-5;-5
57;30;1;3;-5;-7
56;29;-3;4;-6;-10
55;28;10;-1;-6;-10
52;27;0;1;-6;-9
48;25;-2;3;-4;-5
46;23;0;0;-6;-7
43;21;-2;0;-7;-11
40;20;7;8;-4;-6
35;17;-1;2;-5;-8
33;14;-2;5;-5;-7
31;15;-3;6;-6;-7
29;16;-2;1;-6;-10
29;19;-2;0;-6;-10
27;21;-1;0;-5;-9
25;24;0;3;-5;-8
28;24;0;1;-5;-7
26;24;3;6;-5;-4
25;23;1;5;-4;-5
28;21;10;5;-5;-6
31;20;-5;2;-6;-11
27;20;-7;0;-6;-8
31;20;-2;1;-6;-7
31;18;4;4;-4;-8
32;18;-2;1;-6;-12
29;19;5;2;-4;-6
30;18;0;4;-5;-5
31;17;13;1;-5;-7
29;18;-2;3;-6;-6
30;17;1;6;-4;-7
31;18;-2;0;-6;-12
33;18;-9;5;-4;-6
32;17;-2;9;-4;-5
35;18;10;12;-5;-7
33;17;-1;1;-6;-12
31;17;-7;6;-4;-4
37;17;-2;3;-6;-11
34;17;1;0;-4;-7
39;17;-3;0;-5;-8
35;17;-3;2;-6;-10
33;16;-8;-1;-6;-9
34;17;0;0;-6;-8
32;16;10;1;-5;-9
35;17;-7;0;-5;-8
34;17;-2;6;-4;-3
34;17;0;1;-6;-10
34;16;-3;2;-6;-10
34;17;-3;2;-5;-8
35;16;0;-1;-5;-8
34;17;0;1;-6;-8
33;16;0;3;-5;-9
31;17;-9;4;-4;-4
34;17;0;4;-6;-11
33;16;4;5;-5;-4
35;17;-2;0;-5;-9
34;17;-3;5;-5;-7
34;17;0;-1;-5;-5
35;17;0;0;-7;-11
36;17;-2;3;-6;-8
36;17;0;0;-6;-10
36;16;-1;1;-4;-7
36;17;-2;0;-6;-9
36;17;-7;3;-5;-6
36;17;-6;8;-4;-4
38;16;-3;-1;-5;-5
36;17;-6;-1;-7;-12
36;17;-2;6;-4;-6
35;16;3;1;-6;-10
38;16;8;1;-5;-10
35;16;-7;-1;-6;-8
36;16;-2;17;-4;-5
35;16;9;9;-5;-8
35;16;1;6;-4;-6
32;16;3;5;-6;-7
35;16;-2;2;-6;-8
32;17;0;0;-5;-9
33;16;-2;0;-5;-7
32;16;-1;3;-6;-9
32;16;-3;2;-6;-10
32;16;-2;2;-5;-8
31;16;-1;1;-6;-9
31;17;0;0;-6;-9
31;16;-2;10;-3;-6
32;16;7;0;-6;-8
33;17;-8;3;-5;-6
27;19;0;0;-5;-8
31;18;-2;0;-6;-9
32;18;-1;2;-5;-8
31;19;-7;4;-4;-6
31;20;-1;4;-6;-5
30;20;-9;1;-6;-11
31;21;3;2;-4;-5
31;21;-1;2;-6;-7
31;21;-6;-1;-6;-7
31;22;-5;10;-5;-7
29;21;7;2;-5;-11
31;22;-1;1;-5;-9
28;23;3;0;-6;-10
33;23;-7;4;-6;-8
30;24;6;-1;-6;-10
32;24;-4;-1;-5;-10
31;25;-6;-1;-5;-8
32;25;-1;1;-5;-8
32;25;-2;2;-5;-8
30;25;3;1;-5;-5
30;26;2;4;-4;-6
31;25;-2;1;-6;-11
34;25;-4;-1;-6;-9
34;26;-2;1;-5;-7
34;28;1;1;-5;-7
34;26;2;6;-4;-5
34;26;-1;0;-7;-10
34;26;-2;3;-5;-7
35;27;-1;4;-6;-9
35;26;-1;-1;-6;-10
35;26;0;6;-5;-7
36;26;2;1;-5;-4
36;26;1;15;-4;-5
36;25;-1;2;-5;-6
36;25;1;8;-4;-6
36;25;1;9;-5;-6
36;25;-2;2;-6;-12
36;24;0;1;-5;-9
36;24;-5;0;-5;-8
35;24;0;3;-5;-3
36;23;-2;5;-4;-6
36;23;-2;-1;-5;-5
35;23;2;3;-6;-8
36;21;2;5;-5;-6
34;22;8;0;-6;-10
38;21;6;1;-6;-10
31;21;-8;1;-5;-7
35;20;-1;2;-4;-4
34;20;-6;0;-7;-11
34;20;-2;0;-6;-9
35;20;-8;4;-4;-5
35;20;-1;1;-6;-11
33;20;0;0;-6;-10
33;19;-7;-1;-6;-9
36;20;2;0;-5;-9
35;20;-2;3;-4;-5
36;18;-5;5;-5;-8
34;20;2;7;-4;-5
35;19;0;3;-5;-7
34;18;0;-1;-7;-11
34;19;-2;3;-6;-8
34;19;-2;2;-6;-10
33;20;1;-1;-5;-8
34;19;11;2;-5;-5
34;19;1;1;-5;-8
33;20;-1;1;-5;-8
33;19;-4;2;-6;-10
35;20;-7;-1;-6;-10
35;19;1;0;-4;-4
33;19;-2;1;-6;-9
31;18;6;0;-5;-9
31;19;-3;0;-5;-9
32;18;2;4;-4;-6
31;19;0;0;-5;-6
31;20;2;6;-4;-5
31;18;-2;3;-7;-8
27;18;1;-1;-7;-11
27;20;-1;1;-5;-7
28;18;-1;0;-6;-8
28;18;-6;4;-5;-6
27;18;7;0;-6;-8
27;18;-3;3;-4;-4
30;17;-5;2;-6;-11
27;17;-6;-1;-6;-9
26;18;4;0;-6;-9
28;19;3;2;-4;-7
27;18;-1;1;-6;-7
27;18;1;2;-4;-6
25;18;-1;1;-7;-10
25;17;-3;6;-4;-6
22;17;-2;2;-6;-10
22;18;-1;1;-6;-9
21;18;-4;-1;-5;-9
22;17;1;-1;-6;-10
21;18;10;7;-3;-5
22;17;1;1;-7;-10
19;18;9;-1;-6;-10
21;18;-2;1;-5;-9
21;17;-7;-1;-6;-9
21;18;-1;1;-5;-7
20;18;2;-1;-6;-4
20;18;-1;1;-6;-10
18;18;5;0;-5;-9
19;18;-1;3;-4;-6
20;18;7;3;-5;-8
19;19;0;0;-5;-9
20;18;-8;4;-6;-7
20;19;0;4;-4;-6
19;19;0;0;-6;-10
23;19;-3;4;-5;-7
20;20;-4;3;-5;-7
21;20;-8;1;-6;-10
18;20;0;0;-6;-9
20;20;-1;0;-5;-8
22;20;3;-1;-5;-8
21;19;-1;1;-6;-7
21;20;-1;0;-6;-9
22;20;4;5;-5;-3
22;20;0;0;-6;-10
22;20;-1;1;-6;-8
22;20;0;1;-5;-9
23;20;-9;3;-5;-7
24;20;-1;8;-4;-5
24;21;-2;2;-5;-8
24;21;0;0;-7;-11
26;20;-8;1;-5;-8
22;21;0;0;-5;-8
25;20;0;1;-5;-8
24;21;0;0;-6;-9
25;20;-2;1;-6;-8
23;20;-1;1;-4;-3
24;20;-2;1;-5;-9
24;21;0;4;-6;-5
27;20;1;2;-5;-6
24;21;-3;9;-6;-12
24;21;0;-1;-5;-8
24;21;0;1;-6;-10
25;20;-2;2;-6;-6
25;20;-2;2;-6;-10
25;21;-1;1;-5;-8
24;21;3;0;-4;-7
25;21;-1;1;-5;-7
21;21;0;0;-6;-5
25;20;-5;3;-4;-6
25;22;5;6;-6;-7
25;20;-1;0;-6;-10
25;20;-3;7;-4;-5
26;21;-7;1;-6;-11
24;21;0;3;-5;-5
23;20;-5;-1;-5;-6
24;20;0;3;-6;-8
25;21;-3;5;-4;-6
25;20;-1;0;-6;-12
25;21;-1;0;-5;-9
26;21;0;4;-5;-9
25;20;-1;1;-4;-4
26;21;7;0;-6;-9
25;20;-1;3;-6;-7
24;21;0;0;-6;-10
27;20;-1;1;-6;-10
25;21;-6;0;-6;-10
25;20;6;2;-4;-6
25;20;-2;8;-6;-5
23;20;8;1;-7;-11
27;22;2;6;-4;-5
25;20;-3;4;-5;-7
25;21;0;5;-6;-6
27;20;-1;1;-6;-11
27;21;2;5;-5;-5
26;21;0;4;-5;-8
25;20;5;4;-5;-8
25;20;-2;2;-6;-7
25;20;0;0;-6;-12
25;20;-1;1;-5;-9
22;20;0;0;-6;-10
24;19;-1;1;-4;-6
24;20;-4;5;-4;-4
25;19;-9;0;-7;-10
25;18;-3;2;-6;-10
26;17;-3;1;-4;-8
26;19;7;4;-6;-9
24;18;-2;1;-6;-5
22;18;-1;0;-6;-10
23;18;0;3;-4;-6
23;17;-5;4;-5;-6
22;17;0;6;-5;-5
22;17;-3;10;-5;-6
21;17;-1;4;-5;-6
22;18;0;2;-5;-7
22;18;2;-1;-6;-11
20;18;-1;5;-5;-6
20;17;0;-1;-7;-11
19;17;6;3;-4;-8
19;18;-2;3;-6;-8
19;17;-3;2;-5;-9
19;18;2;1;-5;-7
17;18;11;0;-6;-9
18;17;-3;5;-4;-6
16;18;-7;0;-7;-8
17;18;1;2;-4;-4
19;18;-2;0;-6;-11
17;18;0;4;-5;-5
16;19;-2;11;-6;-9
22;19;7;1;-5;-9
17;19;0;0;-7;-11
16;19;-2;1;-5;-9
17;20;2;0;-5;-6
17;21;1;1;-5;-7
17;19;-5;-1;-5;-5
16;20;-2;1;-7;-11
18;20;-2;8;-5;-5
16;21;4;2;-4;-7
21;21;2;2;-5;-6
16;20;-7;10;-6;-11
17;20;8;0;-5;-9
17;21;-1;1;-6;-9
17;21;0;1;-5;-9
17;22;-2;7;-5;-4
17;21;10;2;-5;-8
17;22;-1;2;-6;-7
16;23;-5;4;-4;-6
17;23;1;4;-5;-8
17;23;3;5;-5;-7
17;23;-1;4;-6;-8
14;23;7;2;-6;-8
17;24;-1;0;-6;-11
14;22;-9;12;-4;-4
15;23;1;4;-5;-7
16;24;-9;5;-5;-6
17;24;-1;0;-6;-8
16;24;0;-1;-6;-10
15;23;-1;5;-5;-5
15;24;2;1;-4;-7
16;24;3;4;-5;-8
16;24;3;2;-6;-7
17;24;-3;4;-5;-7
19;25;1;0;-5;-10
19;24;-5;3;-4;-5
16;24;0;0;-6;-10
17;24;2;2;-4;-5
16;24;1;0;-6;-10
17;24;-1;6;-5;-5
16;24;-5;5;-4;-7
16;24;-1;1;-6;-10
16;24;1;0;-6;-9
17;24;-4;1;-5;-9
13;25;-5;12;-6;-7
17;25;2;3;-4;-7
16;25;4;4;-5;-7
17;24;1;16;-5;-7
15;24;-2;2;-6;-12
16;23;-1;3;-4;-6
16;24;0;0;-6;-8
17;24;-1;2;-6;-7
16;24;1;5;-5;-5
16;24;0;1;-6;-11
16;24;7;0;-6;-8
16;24;-2;3;-5;-7
16;24;6;10;-5;-9
17;24;8;1;-6;-9
14;25;0;5;-4;-5
16;24;-1;3;-6;-7
16;24;0;2;-5;-8
16;25;0;2;-5;-7
17;24;-2;0;-5;-9
20;24;0;1;-5;-8
17;25;1;0;-4;-6
15;24;1;-1;-7;-11
16;24;0;2;-5;-6
15;25;7;6;-5;-6
16;24;9;7;-5;-5
16;24;0;1;-7;-11
16;24;-8;-1;-6;-6
17;24;-1;0;-6;-10
16;24;-1;5;-4;-5
17;24;0;6;-5;-6
16;24;-1;0;-5;-9
18;24;8;1;-5;-8
16;24;-4;14;-4;-5
17;23;-2;1;-5;-9
16;24;1;4;-5;-7
16;24;-2;2;-5;-9
14;24;-2;2;-6;-10
17;23;-1;1;-6;-9
16;24;-4;3;-4;-7
17;23;-1;1;-6;-10
16;23;0;1;-5;-6
13;23;-1;1;-5;-10
17;24;-3;-1;-5;-7
16;23;-7;5;-4;-5
16;22;-2;4;-6;-6
17;23;-6;4;-6;-8
17;23;9;0;-7;-11
16;22;-1;1;-6;-10
16;22;-7;-1;-6;-10
17;22;3;7;-3;-6
16;22;2;5;-5;-8
16;22;-3;2;-6;-9
16;22;-8;9;-4;-5
16;22;-1;6;-5;-5
16;22;-4;4;-5;-8
14;22;-1;1;-6;-8
16;22;0;3;-4;-7
16;22;-1;3;-7;-11
13;22;5;0;-6;-10
17;22;-2;1;-6;-9
16;22;-3;2;-4;-8
15;22;3;4;-4;-6
16;22;0;3;-6;-8
15;21;-9;3;-4;-5
16;22;0;1;-6;-7
15;22;-1;6;-4;-5
17;23;-4;0;-6;-9
19;21;17;-1;-5;-7
16;22;-2;1;-5;-8
15;23;-6;2;-5;-6
16;23;-1;0;-6;-9
15;22;6;8;-5;-7
17;22;-8;2;-7;-10
15;22;-9;1;-6;-9
16;23;-1;1;-6;-9
17;23;1;4;-4;-7
16;22;0;2;-5;-8
18;23;-5;2;-5;-5
16;23;0;5;-5;-5
16;23;-9;3;-6;-8
16;23;0;0;-7;-11
16;22;-1;6;-5;-6
15;23;-4;0;-5;-9
15;24;0;3;-4;-6
16;23;1;9;-5;-5
16;22;-1;1;-7;-11
18;23;2;-1;-5;-9
15;22;4;6;-4;-5
17;23;-5;9;-4;-6
16;24;0;2;-6;-10
17;23;2;1;-6;-10
17;23;-1;0;-5;-9
16;22;-3;2;-4;-7
15;23;-1;1;-5;-6
15;23;0;4;-4;-5
15;22;-4;-1;-7;-10
15;23;-3;0;-6;-9
15;23;-1;1;-5;-9
15;24;0;3;-6;-7
16;23;0;3;-5;-7
16;23;-3;2;-6;-9
16;22;0;-1;-6;-9
16;23;0;0;-5;-4
14;24;2;3;-5;-7
15;23;0;3;-5;-6
19;23;-2;1;-6;-8
16;23;0;2;-5;-5
16;23;-4;0;-6;-11
16;23;-3;2;-5;-8
17;23;3;3;-5;-8
15;23;-1;0;-5;-6
17;23;8;1;-6;-9
17;24;0;2;-4;-6
12;23;0;1;-5;-7
16;23;-1;4;-4;-5
16;23;-1;1;-7;-10
19;24;0;4;-5;-5
17;23;-2;0;-4;-7
16;23;1;2;-5;-7
16;24;4;2;-5;-8
16;24;2;0;-6;-7
18;23;10;6;-4;-7
17;24;1;2;-5;-9
16;24;-2;0;-6;-11
16;23;-1;2;-6;-9
16;23;-1;1;-5;-9
17;23;7;0;-5;-9
18;22;-5;3;-4;-6
16;24;5;3;-5;-6
15;23;0;1;-6;-8
15;23;0;2;-4;-6
17;24;-1;0;-6;-9
16;23;4;2;-6;-9
16;24;0;1;-5;-6
16;24;3;1;-5;-7
17;23;0;1;-6;-9
15;23;4;0;-6;-9
16;24;0;1;-5;-5
13;24;0;0;-6;-11
15;24;-1;0;-5;-9
16;23;-7;8;-4;-5
16;23;-1;3;-6;-8
17;24;4;2;-4;-5
16;23;-1;6;-6;-8
13;24;-5;0;-6;-10
13;24;-2;1;-5;-8
15;24;8;5;-4;-4
15;24;-1;0;-6;-9
15;24;-1;7;-6;-10
18;23;-5;13;-4;-6
15;24;1;5;-4;-6
15;23;-1;1;-7;-10
16;24;-2;2;-6;-10
16;23;9;1;-5;-7
16;24;0;0;-6;-10
15;24;0;0;-5;-5
15;24;1;3;-6;-8
15;24;-5;3;-4;-6
15;23;6;2;-5;-10
14;23;-4;0;-5;-7
15;24;-8;0;-5;-7
15;23;1;3;-4;-4
15;24;0;2;-5;-6
15;24;-2;3;-5;-8
16;24;-3;4;-5;-7
16;23;1;6;-6;-7
15;24;2;2;-6;-8
17;23;2;3;-4;-6
16;24;0;0;-6;-11
17;23;-9;1;-6;-11
15;23;10;0;-5;-10
15;23;-3;1;-4;-6
16;23;-1;3;-5;-7
15;23;-5;15;-5;-5
14;24;0;0;-6;-10
17;24;-7;4;-4;-7
15;24;2;6;-4;-5
15;24;-1;4;-5;-6
15;23;2;1;-7;-11
16;24;-2;2;-5;-10
16;23;-2;2;-5;-9
14;23;-1;1;-5;-9
15;24;0;2;-4;-3
16;24;-1;0;-6;-10
16;24;-1;4;-4;-4
16;24;3;2;-4;-8
17;23;-3;2;-5;-7
16;23;0;4;-5;-7
17;23;4;1;-5;-10
16;24;-3;1;-7;-10
16;24;-2;2;-5;-9
16;24;-1;5;-3;-5
17;23;2;0;-5;-8
16;24;1;8;-5;-5
15;23;-3;2;-5;-8
16;24;3;2;-5;-9
16;22;-9;7;-5;-8
16;24;-5;2;-5;-4
15;24;1;0;-5;-9
13;23;-3;5;-4;-5
15;24;1;0;-6;-7
13;24;-1;2;-6;-8
13;24;-8;2;-5;-7
16;24;-1;0;-6;-10
16;23;3;2;-5;-9
17;23;-1;4;-5;-9
14;24;-5;-1;-6;-9
15;24;-7;-1;-6;-9
14;24;6;0;-5;-7
16;23;-1;1;-6;-6
16;24;-1;0;-5;-9
17;24;-2;0;-5;-9
15;24;-1;6;-6;-6
14;23;1;3;-5;-9
17;24;-3;3;-5;-6
19;24;0;9;-5;-9
17;23;-3;0;-4;-6
18;24;0;15;-5;-6
17;24;4;10;-5;-5
16;24;-2;7;-5;-5
16;24;0;2;-6;-8
15;23;0;1;-6;-11
16;24;11;6;-4;-5
17;24;-2;-1;-6;-9
16;24;0;0;-6;-10
17;24;0;5;-3;-5
16;24;-5;-1;-7;-13
16;24;-3;2;-6;-6
16;24;-2;2;-6;-11
17;24;-6;3;-5;-9
13;24;0;0;-5;-9
15;23;7;7;-4;-5
14;23;5;0;-6;-9
16;24;2;-1;-5;-8
13;24;0;0;-6;-10
15;24;-1;3;-4;-4
16;24;-3;8;-5;-5
16;23;0;0;-7;-11
16;24;-4;0;-6;-6
17;23;-4;1;-6;-10
14;24;-6;-1;-4;-5
15;24;0;6;-5;-7
17;22;0;1;-6;-10
15;23;-4;-1;-4;-5
15;24;-5;5;-5;-7
15;23;2;10;-5;-6
17;24;1;0;-6;-6
15;23;-6;-1;-6;-11
13;23;8;0;-6;-7
15;23;0;5;-5;-6
15;24;0;3;-5;-6
16;24;-1;1;-6;-8
16;24;-2;2;-6;-11
13;23;7;6;-4;-5
15;24;0;0;-5;-9
14;23;2;-1;-5;-7
15;24;0;0;-7;-11
13;23;-2;1;-5;-8
17;24;0;1;-5;-8
16;23;-3;2;-5;-8
16;23;-2;2;-5;-7
15;23;3;6;-6;-6
17;24;1;0;-4;-7
17;23;-1;3;-6;-10
15;24;0;0;-6;-9
15;24;-1;1;-6;-8
15;24;-3;8;-4;-5
15;24;-1;0;-7;-10
16;24;-2;2;-5;-9
16;24;-7;2;-5;-3
16;24;2;12;-5;-6
17;23;8;1;-6;-11
13;24;0;2;-4;-6
16;24;-1;0;-5;-8
15;24;0;1;-5;-7
16;24;-5;7;-5;-5
16;24;-3;2;-6;-10
17;22;-5;-1;-5;-6
15;24;0;0;-7;-11
16;23;-1;1;-6;-9
14;24;2;1;-4;-6
14;23;-9;6;-4;-6
14;24;1;-1;-6;-10
17;24;0;1;-5;-7
16;24;-2;6;-5;-5
15;23;-1;3;-6;-9
13;24;3;3;-4;-6
15;24;-1;1;-6;-11
15;24;0;0;-6;-10
15;24;-3;0;-6;-8
13;24;-2;4;-5;-4
14;24;3;0;-6;-10
16;24;-2;2;-6;-10
13;23;0;1;-4;-7
15;24;-2;5;-4;-5
15;23;-1;3;-5;-5
15;24;0;0;-7;-11
18;23;-7;1;-6;-10
15;24;1;-1;-5;-8
15;23;0;1;-4;-7
16;23;-3;7;-5;-6
15;23;-1;2;-6;-10
15;24;-3;-1;-5;-5
15;24;1;3;-5;-7
15;24;0;0;-6;-10
14;24;1;0;-6;-9
14;24;-9;2;-5;-8
13;24;-8;7;-5;-4
16;24;-4;14;-4;-7
16;23;-1;3;-5;-5
15;24;-5;7;-5;-7
15;23;-2;1;-6;-10
14;23;2;1;-4;-6
16;23;0;1;-6;-7
15;24;0;4;-5;-6
16;24;-1;3;-6;-10
15;24;-2;2;-5;-10
17;23;1;3;-5;-9
15;24;2;4;-4;-6
16;24;-1;1;-5;-7
15;24;1;1;-5;-5
15;24;-1;1;-7;-10
16;24;1;3;-5;-6
16;24;-9;1;-5;-9
16;24;-8;7;-4;-6
14;24;-4;-1;-6;-10
13;24;10;3;-6;-8
14;23;0;1;-5;-10
14;24;-7;-1;-6;-10
18;24;-5;1;-5;-4
15;24;-3;-1;-6;-10
16;24;-1;0;-5;-7
16;24;-3;3;-5;-6
13;24;-1;1;-6;-9
15;23;-6;0;-5;-10
18;24;-6;1;-4;-4
14;24;-1;-1;-6;-5
15;23;-2;1;-7;-10
16;24;-2;0;-5;-9
15;23;-3;-1;-4;-6
19;23;5;2;-5;-10
14;23;-9;1;-4;-4
15;23;-1;4;-5;-7
15;22;-1;1;-7;-10
16;23;2;2;-6;-9
15;22;-7;2;-4;-6
15;22;7;1;-4;-8
15;22;1;0;-6;-10
13;24;-5;-1;-5;-8
16;23;5;3;-5;-7
16;22;0;4;-5;-5
15;22;-2;1;-7;-11
13;22;0;0;-6;-9
16;22;1;3;-4;-6
15;22;1;0;-6;-11
16;22;-7;1;-4;-6
15;22;-2;5;-5;-5
16;21;-2;3;-5;-6
15;22;0;0;-6;-12
15;21;1;0;-4;-7
17;22;1;5;-4;-7
16;22;-2;1;-6;-11
15;22;0;0;-6;-9
16;22;-3;6;-3;-5
16;22;4;5;-5;-9
17;22;-5;10;-5;-9
15;22;0;0;-5;-9
18;23;0;2;-5;-4
16;22;0;10;-5;-9
15;22;0;3;-4;-5
16;22;-1;0;-5;-7
16;22;-8;1;-4;-5
16;22;-1;-1;-6;-9
15;22;-2;2;-5;-8
17;23;-5;15;-4;-5
15;22;-1;6;-5;-6
16;22;2;2;-5;-6
16;22;-3;1;-6;-10
16;22;-1;5;-5;-7
16;22;-2;1;-6;-8
16;21;0;4;-5;-6
16;22;-1;1;-6;-11
12;22;-8;0;-6;-10
16;21;-2;0;-6;-9
14;21;1;3;-4;-6
15;21;-1;1;-6;-7
15;21;4;0;-4;-6
17;20;0;1;-5;-9
16;21;-3;2;-4;-3
15;20;0;9;-5;-6
17;20;-1;0;-6;-10
16;21;1;8;-5;-6
15;21;-1;2;-7;-10
16;21;-1;1;-10;-12
13;21;11;0;-7;-13
16;20;5;4;-6;-7
18;20;1;-1;-7;-13
16;20;-4;7;-4;-7
14;21;-1;0;-6;-10
15;21;-2;11;-5;-5
15;20;3;8;-6;-10
15;21;-1;1;-5;-7
15;21;5;7;-5;-9
16;21;1;2;-5;-7
17;21;-3;0;-4;-7
15;21;4;7;-4;-5
16;20;-2;0;-6;-6
16;21;-2;2;-6;-11
17;21;0;2;-6;-10
15;21;0;4;-4;-6
16;21;2;0;-6;-9
16;21;-1;0;-5;-9
16;21;-2;3;-4;-4
16;21;3;0;-6;-9
15;22;1;1;-5;-7
17;20;-9;3;-4;-8
15;22;0;0;-5;-7
16;21;-1;1;-6;-11
18;21;-2;0;-6;-9
17;21;2;3;-4;-5
16;22;0;6;-5;-4
17;21;-1;1;-6;-11
16;22;0;3;-6;-8
14;21;-9;0;-6;-10
17;23;0;10;-5;-7
16;22;-1;4;-5;-5
16;23;3;-1;-5;-7
15;20;1;2;-5;-8
17;20;2;0;-6;-11
14;21;-6;-1;-6;-10
17;20;-6;-1;-4;-5
17;20;-2;2;-6;-8
17;20;-3;0;-6;-9
16;20;1;3;-4;-6
15;21;-1;1;-7;-11
15;20;-1;1;-5;-9
14;21;0;4;-5;-7
16;20;-1;1;-5;-8
16;20;7;9;-4;-5
17;20;-1;1;-6;-10
16;20;-1;1;-5;-9
15;19;3;5;-4;-5
20;19;-3;-1;-6;-10
16;20;0;0;-6;-9
16;20;2;3;-5;-5
17;20;-3;0;-7;-11
17;18;-9;4;-5;-4
17;19;-2;7;-4;-5
15;19;-1;3;-6;-9
17;20;0;1;-6;-10
15;19;-9;2;-6;-9
17;20;0;1;-6;-10
17;19;-3;0;-4;-7
16;20;1;1;-4;-5
16;20;0;2;-6;-6
17;20;-2;0;-6;-10
17;20;-2;1;-6;-9
17;20;-1;4;-5;-5
14;19;-1;1;-5;-9
16;20;-3;4;-4;-5
16;20;-2;3;-6;-9
16;20;1;2;-5;-9
17;20;-2;1;-5;-6
13;20;-6;1;-4;-5
15;20;-1;6;-5;-5
16;20;-1;8;-5;-5
14;20;8;1;-5;-10
17;20;1;3;-5;-8
17;19;6;0;-6;-9
16;20;-1;0;-7;-11
15;20;-1;1;-6;-9
14;20;1;1;-5;-9
17;20;-3;0;-5;-7
16;20;3;5;-4;-4
16;20;2;7;-4;-7
16;20;-1;6;-5;-5
16;20;-2;0;-7;-10
15;20;2;-1;-5;-9
17;20;-3;0;-6;-9
14;20;-2;1;-5;-9
16;20;-2;0;-5;-9
16;20;-1;1;-6;-8
15;20;-2;0;-5;-7
17;20;3;8;-5;-8
16;20;-3;2;-6;-8
16;19;0;0;-6;-8
17;20;9;5;-4;-5
15;20;0;-1;-5;-5
15;20;5;8;-5;-6
16;20;1;2;-6;-9
15;19;6;7;-4;-7
17;19;1;1;-5;-9
17;20;0;2;-5;-9
17;20;5;4;-5;-5
17;20;-2;0;-6;-10
17;20;-2;3;-5;-7
15;20;0;1;-6;-11
16;20;-3;-1;-6;-9
17;20;-2;3;-5;-5
15;19;-2;2;-5;-7
16;20;0;2;-6;-10
16;20;-1;1;-6;-10
15;20;-1;1;-5;-8
17;20;-2;3;-6;-9
15;19;4;2;-5;-8
15;20;0;1;-5;-7
17;20;0;3;-5;-6
16;20;10;3;-5;-7
19;20;-1;0;-6;-8
15;20;6;-1;-6;-6
16;20;-2;0;-6;-11
17;20;-2;0;-5;-9
15;20;1;5;-4;-5
16;20;-7;1;-5;-7
16;20;-1;1;-6;-10
16;20;-3;2;-6;-9
16;20;-2;5;-4;-9
15;20;-2;4;-4;-5
15;21;-1;1;-5;-4
16;20;1;1;-6;-10
17;20;-4;4;-4;-5
15;20;-7;-1;-7;-10
16;20;-4;2;-5;-9
14;20;-1;1;-5;-9
15;20;-1;2;-4;-4
16;20;-3;2;-6;-11
16;20;-3;8;-4;-6
13;20;-8;0;-7;-12
16;20;-3;4;-4;-5
17;20;-3;5;-6;-6
16;20;0;5;-4;-7
15;21;1;1;-6;-10
17;21;6;1;-4;-5
17;20;3;1;-5;-10
17;20;-6;8;-5;-9
16;20;-1;0;-5;-9
17;20;-1;2;-5;-7
16;20;-1;1;-5;-7
16;19;0;6;-4;-4
17;20;-3;7;-4;-5
16;20;-3;2;-7;-7
17;20;0;11;-6;-10
17;20;-2;0;-6;-10
15;20;-1;2;-5;-7
14;20;-6;3;-4;-4
15;21;-1;1;-4;-7
15;20;2;1;-6;-10
20;20;-3;-1;-5;-8
17;20;-2;0;-6;-9
17;20;-2;0;-5;-9
16;19;1;3;-4;-5
16;20;-1;1;-5;-7
16;21;2;5;-5;-5
16;20;-1;1;-7;-9
16;20;0;1;-6;-9
15;20;0;15;-4;-4
17;20;-1;0;-6;-11
15;20;-3;-1;-5;-8
16;20;-2;0;-6;-9
17;20;-2;0;-5;-9
16;20;-1;1;-5;-8
15;20;1;6;-4;-5
16;20;0;1;-6;-10
16;20;0;0;-6;-9
16;20;7;-1;-5;-9
16;19;-4;4;-4;-6
16;20;0;1;-6;-9
16;20;1;3;-5;-4
16;20;-3;6;-6;-10
16;21;-9;5;-4;-6
15;20;-3;2;-5;-8
15;19;-1;5;-6;-7
17;20;-1;1;-6;-10
19;20;1;1;-5;-6
17;20;-3;0;-5;-6
16;20;0;1;-5;-6
17;20;-2;1;-5;-5
16;20;-1;1;-6;-11
15;20;0;1;-5;-9
15;20;-2;3;-4;-4
17;21;-1;7;-5;-6
17;20;-2;0;-6;-11
16;22;1;-1;-5;-5
16;19;-4;-1;-5;-8
16;20;-1;1;-5;-6
16;20;-1;3;-5;-6
17;20;-3;5;-5;-7
16;20;-2;7;-6;-7
14;20;3;6;-5;-7
16;20;-2;0;-5;-10
17;20;-1;0;-6;-11
17;20;-5;1;-5;-9
17;20;0;3;-5;-7
17;19;-1;1;-5;-8
17;20;-3;0;-6;-11
16;20;5;4;-4;-6
16;20;-3;5;-5;-5
16;20;-1;4;-6;-6
16;20;0;1;-5;-9
13;22;-1;1;-5;-9
16;21;0;2;-6;-9
16;20;-1;1;-6;-10
16;21;0;5;-4;-4
16;19;0;1;-6;-11
17;20;-6;1;-5;-7
17;20;0;2;-4;-6
17;20;-2;0;-6;-10
16;20;-3;0;-5;-8
16;20;-1;1;-5;-5
16;19;-1;6;-4;-6
13;19;0;1;-6;-9
16;20;0;1;-6;-6
16;20;-4;2;-7;-11
16;20;-1;1;-6;-10
15;20;-1;1;-5;-8
16;20;-1;1;-4;-7
17;21;-3;0;-5;-8
16;20;-3;3;-5;-6
16;20;-2;2;-6;-10
15;20;2;8;-4;-5
17;20;0;3;-5;-5
16;20;0;5;-6;-6
17;20;-3;0;-7;-10
15;20;-1;0;-6;-11
15;20;-2;0;-5;-8
16;20;-2;1;-6;-8
15;20;-2;0;-5;-9
14;20;-2;7;-5;-4
17;19;-3;-1;-6;-11
16;20;0;1;-5;-5
17;21;-2;0;-5;-9
16;20;11;3;-5;-7
17;20;-3;3;-4;-6
18;20;-1;-1;-6;-8
16;20;-7;1;-6;-10
17;20;-1;0;-5;-9
17;20;-2;1;-6;-9
15;20;-2;0;-6;-9
17;21;0;5;-6;-7
16;20;0;1;-6;-8
15;20;0;1;-5;-8
15;20;-3;0;-5;-9
16;20;-1;1;-5;-8
19;19;-6;-1;-6;-7
17;20;1;3;-4;-5
17;21;0;3;-5;-5
16;20;-1;1;-6;-11
16;20;-1;5;-6;-10
19;21;-3;2;-6;-8
16;20;1;4;-4;-5
16;20;0;1;-6;-9
15;20;-5;1;-4;-7
17;20;1;3;-4;-6
17;20;-3;1;-6;-8
16;20;-3;3;-5;-5
16;20;-4;1;-5;-5
16;20;-1;1;-6;-11
16;20;-4;2;-4;-6
16;20;0;1;-6;-12
17;20;-1;5;-4;-6
16;20;-3;5;-4;-6
17;20;0;2;-4;-6
16;20;0;6;-6;-6
16;20;1;1;-6;-11
17;20;-3;-1;-5;-7
16;20;-2;-1;-6;-10
16;20;0;8;-4;-5
15;20;0;1;-6;-7
17;20;-2;0;-6;-11
19;21;0;1;-4;-8
17;20;-3;2;-6;-8
16;20;-1;1;-6;-8
16;21;-2;0;-5;-8
16;21;-1;1;-5;-8
16;21;-2;8;-4;-3
17;20;1;2;-5;-5
17;20;-9;1;-5;-8
15;20;-1;0;-6;-11
17;20;4;3;-4;-6
17;21;-1;1;-4;-7
17;21;-2;0;-5;-8
15;20;-1;-1;-7;-10
15;21;-6;2;-5;-8
17;20;-2;0;-5;-9
16;20;-2;2;-6;-8
16;20;-1;1;-5;-8
19;20;-4;0;-5;-6
16;20;-1;0;-6;-8
17;21;0;2;-5;-7
15;20;-2;1;-6;-9
17;20;-3;4;-4;-5
15;20;2;0;-6;-11
17;21;-2;8;-6;-9
16;20;-1;0;-6;-9
16;21;1;2;-5;-4
17;20;-2;0;-6;-10
17;21;-1;2;-5;-8
16;20;0;1;-5;-7
16;20;0;1;-6;-9
16;20;1;1;-5;-8
17;20;2;4;-4;-7
17;20;-9;8;-5;-6
16;20;-3;0;-5;-8
17;20;-1;2;-5;-7
16;20;-1;4;-6;-8
