<?xml version="1.0" encoding="utf-8"?>
<!--/192073/1231078/2.50/8/2/Connector/-->
<quadcept_library>
  <setting unit="mil" />
  <textstyle name="Default" height="47.244094488189" strokewidth="7.8740157480315" charwidth="47.244094488189" />
  <textstyle name="Dimension" height="19.6850393700787" strokewidth="0" charwidth="19.6850393700787" />
  <textstyle name="H127W0635TH00762" height="50" strokewidth="3" charwidth="25" />
  <textstyle name="H15W15TH02" height="59.0551181102362" strokewidth="7.8740157480315" charwidth="59.0551181102362" />
  <padstyle name="c163.5_h109" surface="False" plated="True" isvia="False" nopaste="True" nomask="True" complex="False" holesize="42.913385826771">
    <padshape layer="TOP" shape="round" width="64.370078740157" height="64.370078740157" />
    <padshape layer="TOP_SOLDER_MASK" shape="round" width="72.244094488188" height="72.244094488188" />
    <padshape layer="INNER" shape="round" width="64.370078740157" height="64.370078740157" />
    <padshape layer="BOTTOM" shape="round" width="64.370078740157" height="64.370078740157" />
    <padshape layer="BOTTOM_SOLDER_MASK" shape="round" width="72.244094488188" height="72.244094488188" />
  </padstyle>
  <padstyle name="s163.5_h109" surface="False" plated="True" isvia="False" nopaste="True" nomask="True" complex="False" holesize="42.913385826771">
    <padshape layer="TOP" shape="square" width="64.370078740157" height="64.370078740157" />
    <padshape layer="TOP_SOLDER_MASK" shape="square" width="72.244094488188" height="72.244094488188" />
    <padshape layer="INNER" shape="square" width="64.370078740157" height="64.370078740157" />
    <padshape layer="BOTTOM" shape="square" width="64.370078740157" height="64.370078740157" />
    <padshape layer="BOTTOM_SOLDER_MASK" shape="square" width="72.244094488188" height="72.244094488188" />
  </padstyle>
  <footprint name="2803841" originx="0" originy="0" pickpointx="0" pickpointy="0">
    <pcbpin number="1" name="1" style="s163.5_h109" originx="0" originy="0" rotation="90" />
    <pcbpin number="2" name="2" style="c163.5_h109" originx="0" originy="99.999999999999" rotation="90" />
    <pcbpin number="3" name="3" style="c163.5_h109" originx="99.999999999999" originy="0" rotation="90" />
    <pcbpin number="4" name="4" style="c163.5_h109" originx="99.999999999999" originy="99.999999999999" rotation="90" />
    <pcbpin number="5" name="5" style="c163.5_h109" originx="200" originy="0" rotation="90" />
    <pcbpin number="6" name="6" style="c163.5_h109" originx="200" originy="99.999999999999" rotation="90" />
    <pcbpin number="7" name="7" style="c163.5_h109" originx="300" originy="0" rotation="90" />
    <pcbpin number="8" name="8" style="c163.5_h109" originx="300" originy="99.999999999999" rotation="90" />
    <line layer="TOP_ASSEMBLY" originx="-99.999999999999" originy="187.79527559055" endx="400" endy="187.79527559055" width="3.9370078740157" />
    <line layer="TOP_ASSEMBLY" originx="400" originy="187.79527559055" endx="400" endy="-87.79527559055" width="3.9370078740157" />
    <line layer="TOP_ASSEMBLY" originx="400" originy="-87.79527559055" endx="-99.999999999999" endy="-87.79527559055" width="3.9370078740157" />
    <line layer="TOP_ASSEMBLY" originx="-99.999999999999" originy="-87.79527559055" endx="-99.999999999999" endy="187.79527559055" width="3.9370078740157" />
    <line layer="TOP_SILKSCREEN" originx="-99.999999999999" originy="187.79527559055" endx="400" endy="187.79527559055" width="7.8740157480314" />
    <line layer="TOP_SILKSCREEN" originx="400" originy="187.79527559055" endx="400" endy="-87.79527559055" width="7.8740157480314" />
    <line layer="TOP_SILKSCREEN" originx="400" originy="-87.79527559055" endx="-99.999999999999" endy="-87.79527559055" width="7.8740157480314" />
    <line layer="TOP_SILKSCREEN" originx="-99.999999999999" originy="-87.79527559055" endx="-99.999999999999" endy="187.79527559055" width="7.8740157480314" />
    <line layer="TOP_PLACE_BOUND" originx="-139.37007874016" originy="227.16535433071" endx="439.37007874015" endy="227.16535433071" width="3.9370078740157" />
    <line layer="TOP_PLACE_BOUND" originx="439.37007874015" originy="227.16535433071" endx="439.37007874015" endy="-127.16535433071" width="3.9370078740157" />
    <line layer="TOP_PLACE_BOUND" originx="439.37007874015" originy="-127.16535433071" endx="-139.37007874016" endy="-127.16535433071" width="3.9370078740157" />
    <line layer="TOP_PLACE_BOUND" originx="-139.37007874016" originy="-127.16535433071" endx="-139.37007874016" endy="227.16535433071" width="3.9370078740157" />
    <line layer="TOP_SILKSCREEN" originx="0" originy="-110.23622047244" endx="0" endy="-110.23622047244" width="3.9370078740157" />
    <arc layer="TOP_SILKSCREEN" originx="-7.102804783527E-15" originy="-108.26771653543" startangle="-90.0" sweepangle="180.0" radius="1.9685039370078" width="3.9370078740157" />
    <line layer="TOP_SILKSCREEN" originx="0" originy="-106.29921259842" endx="0" endy="-106.29921259842" width="3.9370078740157" />
    <arc layer="TOP_SILKSCREEN" originx="-7.102804783527E-15" originy="-108.26771653543" startangle="90.0" sweepangle="180.0" radius="1.9685039370078" width="3.9370078740157" />
  </footprint>
  <symbol name="280384-1" originx="0" originy="0">
    <line originx="200" originy="100" endx="600" endy="100" width="0" />
    <line originx="600" originy="-400" endx="600" endy="100" width="0" />
    <line originx="600" originy="-400" endx="200" endy="-400" width="0" />
    <line originx="200" originy="100" endx="200" endy="-400" width="0" />
    <sympin number="1" originx="200" originy="0" rotation="180" length="100" width="7.8740157480315" flipped="False">
      <text name="pinname" originx="230" originy="0" style="Default" rotation="0" justify="left" flipped="False" hidden="False" data="1" />
      <text name="pindes" originx="140" originy="20" style="Default" rotation="0" justify="lowerright" flipped="False" hidden="False" data="1" />
    </sympin>
    <sympin number="2" originx="600" originy="0" rotation="0" length="100" width="7.8740157480315" flipped="False">
      <text name="pinname" originx="570" originy="0" style="Default" rotation="0" justify="right" flipped="False" hidden="False" data="2" />
      <text name="pindes" originx="660" originy="20" style="Default" rotation="0" justify="lowerleft" flipped="False" hidden="False" data="2" />
    </sympin>
    <sympin number="3" originx="200" originy="-100" rotation="180" length="100" width="7.8740157480315" flipped="False">
      <text name="pinname" originx="230" originy="-100" style="Default" rotation="0" justify="left" flipped="False" hidden="False" data="3" />
      <text name="pindes" originx="140" originy="-80" style="Default" rotation="0" justify="lowerright" flipped="False" hidden="False" data="3" />
    </sympin>
    <sympin number="4" originx="600" originy="-100" rotation="0" length="100" width="7.8740157480315" flipped="False">
      <text name="pinname" originx="570" originy="-100" style="Default" rotation="0" justify="right" flipped="False" hidden="False" data="4" />
      <text name="pindes" originx="660" originy="-80" style="Default" rotation="0" justify="lowerleft" flipped="False" hidden="False" data="4" />
    </sympin>
    <sympin number="5" originx="200" originy="-200" rotation="180" length="100" width="7.8740157480315" flipped="False">
      <text name="pinname" originx="230" originy="-200" style="Default" rotation="0" justify="left" flipped="False" hidden="False" data="5" />
      <text name="pindes" originx="140" originy="-180" style="Default" rotation="0" justify="lowerright" flipped="False" hidden="False" data="5" />
    </sympin>
    <sympin number="6" originx="600" originy="-200" rotation="0" length="100" width="7.8740157480315" flipped="False">
      <text name="pinname" originx="570" originy="-200" style="Default" rotation="0" justify="right" flipped="False" hidden="False" data="6" />
      <text name="pindes" originx="660" originy="-180" style="Default" rotation="0" justify="lowerleft" flipped="False" hidden="False" data="6" />
    </sympin>
    <sympin number="7" originx="200" originy="-300" rotation="180" length="100" width="7.8740157480315" flipped="False">
      <text name="pinname" originx="230" originy="-300" style="Default" rotation="0" justify="left" flipped="False" hidden="False" data="7" />
      <text name="pindes" originx="140" originy="-280" style="Default" rotation="0" justify="lowerright" flipped="False" hidden="False" data="7" />
    </sympin>
    <sympin number="8" originx="600" originy="-300" rotation="0" length="100" width="7.8740157480315" flipped="False">
      <text name="pinname" originx="570" originy="-300" style="Default" rotation="0" justify="right" flipped="False" hidden="False" data="8" />
      <text name="pindes" originx="660" originy="-280" style="Default" rotation="0" justify="lowerleft" flipped="False" hidden="False" data="8" />
    </sympin>
  </symbol>
  <component name="280384-1" designatorprefix="J" height="503.93700787401" footprint="2803841">
    <comppin designator="1" sympin="1" pinswap="0" gateswap="0" gate="1" group="1" side="" type="Any" name="1" />
    <comppin designator="2" sympin="2" pinswap="0" gateswap="0" gate="1" group="1" side="" type="Any" name="2" />
    <comppin designator="3" sympin="3" pinswap="0" gateswap="0" gate="1" group="1" side="" type="Any" name="3" />
    <comppin designator="4" sympin="4" pinswap="0" gateswap="0" gate="1" group="1" side="" type="Any" name="4" />
    <comppin designator="5" sympin="5" pinswap="0" gateswap="0" gate="1" group="1" side="" type="Any" name="5" />
    <comppin designator="6" sympin="6" pinswap="0" gateswap="0" gate="1" group="1" side="" type="Any" name="6" />
    <comppin designator="7" sympin="7" pinswap="0" gateswap="0" gate="1" group="1" side="" type="Any" name="7" />
    <comppin designator="8" sympin="8" pinswap="0" gateswap="0" gate="1" group="1" side="" type="Any" name="8" />
    <attached_symbol gate="1" name="280384-1" />
    <pinmap designator="1" footprintpin="1" />
    <pinmap designator="2" footprintpin="2" />
    <pinmap designator="3" footprintpin="3" />
    <pinmap designator="4" footprintpin="4" />
    <pinmap designator="5" footprintpin="5" />
    <pinmap designator="6" footprintpin="6" />
    <pinmap designator="7" footprintpin="7" />
    <pinmap designator="8" footprintpin="8" />
    <text name="Datasheet" originx="0" originy="0" style="Default" rotation="0" justify="" flipped="False" hidden="True" data="https://www.te.com/commerce/DocumentDelivery/DDEController?Action=showdoc&amp;DocId=Customer Drawing280384UpdfEnglishENG_CD_280384_U.pdf280384-1" />
    <text name="Description" originx="0" originy="0" style="Default" rotation="0" justify="" flipped="False" hidden="True" data="2X4P AMPMODU II SHRD HDR, ST, TIN" />
    <text name="TME Electronic Components Part Number" originx="0" originy="0" style="Default" rotation="0" justify="" flipped="False" hidden="True" data="" />
    <text name="TME Electronic Components Price/Stock" originx="0" originy="0" style="Default" rotation="0" justify="" flipped="False" hidden="True" data="" />
    <text name="Manufacturer_Name" originx="0" originy="0" style="Default" rotation="0" justify="" flipped="False" hidden="True" data="TE Connectivity" />
    <text name="Manufacturer_Part_Number" originx="650" originy="200" style="Default" rotation="0" justify="left" flipped="False" hidden="False" data="280384-1" />
  </component>
</quadcept_library>
