<?xml version="1.0" encoding="utf-8"?>
<!--/581849/1231078/2.50/2/0/Inductor/-->
<quadcept_library>
  <setting unit="mil" />
  <textstyle name="Default" height="47.244094488189" strokewidth="7.8740157480315" charwidth="47.244094488189" />
  <textstyle name="Dimension" height="19.6850393700787" strokewidth="0" charwidth="19.6850393700787" />
  <textstyle name="H127W0635TH00762" height="50" strokewidth="3" charwidth="25" />
  <textstyle name="H15W15TH02" height="59.0551181102362" strokewidth="7.8740157480315" charwidth="59.0551181102362" />
  <padstyle name="r350.52_226.06" surface="True" plated="False" isvia="False" nopaste="False" nomask="True" complex="False" holesize="0">
    <padshape layer="TOP" shape="rectangle" width="88.999999999999" height="138" />
    <padshape layer="TOP_SOLDER_MASK" shape="rectangle" width="96.87401574803" height="145.87401574803" />
    <padshape layer="TOP_SOLDER_PASTE" shape="rectangle" width="88.999999999999" height="138" />
  </padstyle>
  <footprint name="INDM7676X355N" originx="0" originy="0" pickpointx="0" pickpointy="0">
    <pcbpin number="1" name="1" style="r350.52_226.06" originx="-111" originy="0" rotation="0" />
    <pcbpin number="2" name="2" style="r350.52_226.06" originx="111" originy="0" rotation="0" />
    <line layer="TOP_SILKSCREEN" originx="150" originy="81.999999999999" endx="150" endy="150" width="5.9999999999999" />
    <line layer="TOP_SILKSCREEN" originx="-150" originy="-81.999999999999" endx="-150" endy="-150" width="5.9999999999999" />
    <line layer="TOP_SILKSCREEN" originx="-142" originy="81.999999999999" endx="-74.999999999999" endy="150" width="5.9999999999999" />
    <line layer="TOP_SILKSCREEN" originx="-142" originy="-81.999999999999" endx="-74.999999999999" endy="-150" width="5.9999999999999" />
    <line layer="TOP_SILKSCREEN" originx="-150" originy="-150" endx="150" endy="-150" width="5.9999999999999" />
    <line layer="TOP_SILKSCREEN" originx="150" originy="-150" endx="150" endy="-81.999999999999" width="5.9999999999999" />
    <line layer="TOP_SILKSCREEN" originx="150" originy="150" endx="-150" endy="150" width="5.9999999999999" />
    <line layer="TOP_SILKSCREEN" originx="-150" originy="150" endx="-150" endy="81.999999999999" width="5.9999999999999" />
    <line layer="TOP_ASSEMBLY" originx="-150" originy="74.999999999999" endx="-74.999999999999" endy="150" width="5.9999999999999" />
    <line layer="TOP_ASSEMBLY" originx="-150" originy="-74.999999999999" endx="-74.999999999999" endy="-150" width="5.9999999999999" />
    <line layer="TOP_ASSEMBLY" originx="-150" originy="-150" endx="150" endy="-150" width="5.9999999999999" />
    <line layer="TOP_ASSEMBLY" originx="150" originy="-150" endx="150" endy="150" width="5.9999999999999" />
    <line layer="TOP_ASSEMBLY" originx="150" originy="150" endx="-150" endy="150" width="5.9999999999999" />
    <line layer="TOP_ASSEMBLY" originx="-150" originy="150" endx="-150" endy="-150" width="5.9999999999999" />
  </footprint>
  <symbol name="DR73-6R8-R" originx="0" originy="0">
    <arc originx="250" originy="-2" startangle="177.7" sweepangle="-175.4" radius="50" width="0" />
    <arc originx="350" originy="-2" startangle="177.7" sweepangle="-175.4" radius="50" width="0" />
    <arc originx="450" originy="-2" startangle="177.7" sweepangle="-175.4" radius="50" width="0" />
    <arc originx="550" originy="-2" startangle="177.7" sweepangle="-175.4" radius="50" width="0" />
    <sympin number="1" originx="200" originy="0" rotation="180" length="100" width="7.8740157480315" flipped="False">
      <text name="pinname" originx="0" originy="-10" style="Default" rotation="0" justify="upperleft" flipped="False" hidden="True" data="1" />
      <text name="pindes" originx="0" originy="10" style="Default" rotation="0" justify="lowerleft" flipped="False" hidden="False" data="1" />
    </sympin>
    <sympin number="2" originx="600" originy="0" rotation="0" length="100" width="7.8740157480315" flipped="False">
      <text name="pinname" originx="800" originy="-10" style="Default" rotation="0" justify="upperright" flipped="False" hidden="True" data="2" />
      <text name="pindes" originx="800" originy="10" style="Default" rotation="0" justify="lowerright" flipped="False" hidden="False" data="2" />
    </sympin>
  </symbol>
  <component name="DR73-6R8-R" designatorprefix="L" height="0" footprint="INDM7676X355N">
    <comppin designator="1" sympin="1" pinswap="0" gateswap="0" gate="1" group="1" side="" type="Any" name="1" />
    <comppin designator="2" sympin="2" pinswap="0" gateswap="0" gate="1" group="1" side="" type="Any" name="2" />
    <attached_symbol gate="1" name="DR73-6R8-R" />
    <pinmap designator="1" footprintpin="1" />
    <pinmap designator="2" footprintpin="2" />
    <text name="Datasheet" originx="0" originy="0" style="Default" rotation="0" justify="" flipped="False" hidden="True" data="" />
    <text name="Description" originx="0" originy="0" style="Default" rotation="0" justify="" flipped="False" hidden="True" data="POWER INDUCTOR +/-20% 6.8H 2.55A" />
    <text name="TTi Part Number" originx="0" originy="0" style="Default" rotation="0" justify="" flipped="False" hidden="True" data="" />
    <text name="TTi Price/Stock" originx="0" originy="0" style="Default" rotation="0" justify="" flipped="False" hidden="True" data="" />
    <text name="Manufacturer_Name" originx="0" originy="0" style="Default" rotation="0" justify="" flipped="False" hidden="True" data="COILTRONICS" />
    <text name="Manufacturer_Part_Number" originx="650" originy="150" style="Default" rotation="0" justify="left" flipped="False" hidden="False" data="DR73-6R8-R" />
  </component>
</quadcept_library>
