<?xml version="1.0" encoding="utf-8"?>
<!--/191829/1231078/2.50/2/4/Switch/-->
<quadcept_library>
  <setting unit="mil" />
  <textstyle name="Default" height="47.244094488189" strokewidth="7.8740157480315" charwidth="47.244094488189" />
  <textstyle name="Dimension" height="19.6850393700787" strokewidth="0" charwidth="19.6850393700787" />
  <textstyle name="H127W0635TH00762" height="50" strokewidth="3" charwidth="25" />
  <textstyle name="H15W15TH02" height="59.0551181102362" strokewidth="7.8740157480315" charwidth="59.0551181102362" />
  <padstyle name="c186_h124" surface="False" plated="True" isvia="False" nopaste="True" nomask="True" complex="False" holesize="48.818897637795">
    <padshape layer="TOP" shape="round" width="73.228346456692" height="73.228346456692" />
    <padshape layer="TOP_SOLDER_MASK" shape="round" width="81.102362204723" height="81.102362204723" />
    <padshape layer="INNER" shape="round" width="73.228346456692" height="73.228346456692" />
    <padshape layer="BOTTOM" shape="round" width="73.228346456692" height="73.228346456692" />
    <padshape layer="BOTTOM_SOLDER_MASK" shape="round" width="81.102362204723" height="81.102362204723" />
  </padstyle>
  <footprint name="18259651" originx="0" originy="0" pickpointx="0" pickpointy="0">
    <pcbpin number="1" name="1" style="c186_h124" originx="0" originy="0" rotation="90" />
    <pcbpin number="2" name="2" style="c186_h124" originx="255.90551181102" originy="0" rotation="90" />
    <line layer="TOP_ASSEMBLY" originx="9.8425196850392" originy="68.897637795275" endx="246.06299212598" endy="68.897637795275" width="7.8740157480314" />
    <line layer="TOP_ASSEMBLY" originx="246.06299212598" originy="68.897637795275" endx="246.06299212598" endy="-68.897637795275" width="7.8740157480314" />
    <line layer="TOP_ASSEMBLY" originx="246.06299212598" originy="-68.897637795275" endx="9.8425196850392" endy="-68.897637795275" width="7.8740157480314" />
    <line layer="TOP_ASSEMBLY" originx="9.8425196850392" originy="-68.897637795275" endx="9.8425196850392" endy="68.897637795275" width="7.8740157480314" />
    <line layer="TOP_PLACE_BOUND" originx="-75.984251968503" originy="108.26771653543" endx="331.88976377952" endy="108.26771653543" width="3.9370078740157" />
    <line layer="TOP_PLACE_BOUND" originx="331.88976377952" originy="108.26771653543" endx="331.88976377952" endy="-108.26771653543" width="3.9370078740157" />
    <line layer="TOP_PLACE_BOUND" originx="331.88976377952" originy="-108.26771653543" endx="-75.984251968503" endy="-108.26771653543" width="3.9370078740157" />
    <line layer="TOP_PLACE_BOUND" originx="-75.984251968503" originy="-108.26771653543" endx="-75.984251968503" endy="108.26771653543" width="3.9370078740157" />
    <line layer="TOP_SILKSCREEN" originx="9.8425196850392" originy="47.244094488188" endx="9.8425196850392" endy="68.897637795275" width="3.9370078740157" />
    <line layer="TOP_SILKSCREEN" originx="9.8425196850392" originy="68.897637795275" endx="246.06299212598" endy="68.897637795275" width="3.9370078740157" />
    <line layer="TOP_SILKSCREEN" originx="246.06299212598" originy="68.897637795275" endx="246.06299212598" endy="47.244094488188" width="3.9370078740157" />
    <line layer="TOP_SILKSCREEN" originx="9.8425196850392" originy="-47.244094488188" endx="9.8425196850392" endy="-68.897637795275" width="3.9370078740157" />
    <line layer="TOP_SILKSCREEN" originx="9.8425196850392" originy="-68.897637795275" endx="246.06299212598" endy="-68.897637795275" width="3.9370078740157" />
    <line layer="TOP_SILKSCREEN" originx="246.06299212598" originy="-68.897637795275" endx="246.06299212598" endy="-47.244094488188" width="3.9370078740157" />
  </footprint>
  <symbol name="1825965-1" originx="0" originy="0">
    <line originx="200" originy="100" endx="700" endy="100" width="0" />
    <line originx="700" originy="-200" endx="700" endy="100" width="0" />
    <line originx="700" originy="-200" endx="200" endy="-200" width="0" />
    <line originx="200" originy="100" endx="200" endy="-200" width="0" />
    <sympin number="1" originx="200" originy="0" rotation="180" length="100" width="7.8740157480315" flipped="False">
      <text name="pinname" originx="230" originy="0" style="Default" rotation="0" justify="left" flipped="False" hidden="False" data="NO" />
      <text name="pindes" originx="140" originy="20" style="Default" rotation="0" justify="lowerright" flipped="False" hidden="False" data="1" />
    </sympin>
    <sympin number="2" originx="200" originy="-100" rotation="180" length="100" width="7.8740157480315" flipped="False">
      <text name="pinname" originx="230" originy="-100" style="Default" rotation="0" justify="left" flipped="False" hidden="False" data="COM" />
      <text name="pindes" originx="140" originy="-80" style="Default" rotation="0" justify="lowerright" flipped="False" hidden="False" data="2" />
    </sympin>
  </symbol>
  <component name="1825965-1" designatorprefix="S" height="196.85039370078" footprint="18259651">
    <comppin designator="1" sympin="1" pinswap="0" gateswap="0" gate="1" group="1" side="" type="Any" name="NO" />
    <comppin designator="2" sympin="2" pinswap="0" gateswap="0" gate="1" group="1" side="" type="Any" name="COM" />
    <attached_symbol gate="1" name="1825965-1" />
    <pinmap designator="1" footprintpin="1" />
    <pinmap designator="2" footprintpin="2" />
    <text name="Datasheet" originx="0" originy="0" style="Default" rotation="0" justify="" flipped="False" hidden="True" data="https://www.arrow.com/en/products/1825965-1/te-connectivity" />
    <text name="Description" originx="0" originy="0" style="Default" rotation="0" justify="" flipped="False" hidden="True" data="Switch Tactile N.O. SPST Rectangular Button PC Pins 0.05A 24VDC 20000Cycles 1.3N Thru-Hole Loose" />
    <text name="TME Electronic Components Part Number" originx="0" originy="0" style="Default" rotation="0" justify="" flipped="False" hidden="True" data="" />
    <text name="TME Electronic Components Price/Stock" originx="0" originy="0" style="Default" rotation="0" justify="" flipped="False" hidden="True" data="" />
    <text name="Manufacturer_Name" originx="0" originy="0" style="Default" rotation="0" justify="" flipped="False" hidden="True" data="TE Connectivity" />
    <text name="Manufacturer_Part_Number" originx="750" originy="200" style="Default" rotation="0" justify="left" flipped="False" hidden="False" data="1825965-1" />
  </component>
</quadcept_library>
