<?xml version="1.0" encoding="utf-8"?>
<!--/2066441/1231078/2.50/6/4/Connector/-->
<quadcept_library>
  <setting unit="mil" />
  <textstyle name="Default" height="47.244094488189" strokewidth="7.8740157480315" charwidth="47.244094488189" />
  <textstyle name="Dimension" height="19.6850393700787" strokewidth="0" charwidth="19.6850393700787" />
  <textstyle name="H127W0635TH00762" height="50" strokewidth="3" charwidth="25" />
  <textstyle name="H15W15TH02" height="59.0551181102362" strokewidth="7.8740157480315" charwidth="59.0551181102362" />
  <padstyle name="c180_h130" surface="False" plated="True" isvia="False" nopaste="True" nomask="True" complex="False" holesize="51.181102362204">
    <padshape layer="TOP" shape="round" width="70.866141732283" height="70.866141732283" />
    <padshape layer="TOP_SOLDER_MASK" shape="round" width="78.740157480314" height="78.740157480314" />
    <padshape layer="INNER" shape="round" width="70.866141732283" height="70.866141732283" />
    <padshape layer="BOTTOM" shape="round" width="70.866141732283" height="70.866141732283" />
    <padshape layer="BOTTOM_SOLDER_MASK" shape="round" width="78.740157480314" height="78.740157480314" />
  </padstyle>
  <padstyle name="c450_h300" surface="False" plated="True" isvia="False" nopaste="True" nomask="True" complex="False" holesize="118.11023622047">
    <padshape layer="TOP" shape="round" width="177.16535433071" height="177.16535433071" />
    <padshape layer="TOP_SOLDER_MASK" shape="round" width="185.03937007874" height="185.03937007874" />
    <padshape layer="INNER" shape="round" width="177.16535433071" height="177.16535433071" />
    <padshape layer="BOTTOM" shape="round" width="177.16535433071" height="177.16535433071" />
    <padshape layer="BOTTOM_SOLDER_MASK" shape="round" width="185.03937007874" height="185.03937007874" />
  </padstyle>
  <footprint name="M8S04PFFPSF8001" originx="0" originy="0" pickpointx="0" pickpointy="0">
    <pcbpin number="1" name="1" style="c180_h130" originx="0" originy="0" rotation="90" />
    <pcbpin number="2" name="2" style="c180_h130" originx="24.606299212598" originy="-76.771653543306" rotation="90" />
    <pcbpin number="3" name="3" style="c180_h130" originx="133.85826771653" originy="0" rotation="90" />
    <pcbpin number="4" name="4" style="c180_h130" originx="109.25196850394" originy="-76.771653543306" rotation="90" />
    <pcbpin number="5" name="MH1" style="c450_h300" originx="-179.13385826771" originy="-19.685039370078" rotation="90" />
    <pcbpin number="6" name="MH2" style="c450_h300" originx="312.99212598425" originy="-19.685039370078" rotation="90" />
    <line layer="TOP_ASSEMBLY" originx="-185.03937007874" originy="232.28346456693" endx="318.89763779527" endy="232.28346456693" width="7.8740157480314" />
    <line layer="TOP_ASSEMBLY" originx="318.89763779527" originy="232.28346456693" endx="318.89763779527" endy="-271.65354330708" width="7.8740157480314" />
    <line layer="TOP_ASSEMBLY" originx="318.89763779527" originy="-271.65354330708" endx="-185.03937007874" endy="-271.65354330708" width="7.8740157480314" />
    <line layer="TOP_ASSEMBLY" originx="-185.03937007874" originy="-271.65354330708" endx="-185.03937007874" endy="232.28346456693" width="7.8740157480314" />
    <line layer="TOP_PLACE_BOUND" originx="-277.55905511811" originy="-311.02362204724" endx="411.41732283464" endy="-311.02362204724" width="3.9370078740157" />
    <line layer="TOP_PLACE_BOUND" originx="411.41732283464" originy="-311.02362204724" endx="411.41732283464" endy="303.14960629921" width="3.9370078740157" />
    <line layer="TOP_PLACE_BOUND" originx="411.41732283464" originy="303.14960629921" endx="-277.55905511811" endy="303.14960629921" width="3.9370078740157" />
    <line layer="TOP_PLACE_BOUND" originx="-277.55905511811" originy="303.14960629921" endx="-277.55905511811" endy="-311.02362204724" width="3.9370078740157" />
    <line layer="TOP_SILKSCREEN" originx="0" originy="263.77952755905" endx="0" endy="263.77952755905" width="7.8740157480314" />
    <arc layer="TOP_SILKSCREEN" originx="1.0381022375924E-14" originy="261.81102362204" startangle="90.0" sweepangle="180.0" radius="1.9685039370079" width="7.8740157480314" />
    <line layer="TOP_SILKSCREEN" originx="0" originy="259.84251968504" endx="0" endy="259.84251968504" width="7.8740157480314" />
    <arc layer="TOP_SILKSCREEN" originx="1.0381022375924E-14" originy="261.81102362204" startangle="-90.0" sweepangle="180.0" radius="1.9685039370079" width="7.8740157480314" />
    <line layer="TOP_SILKSCREEN" originx="0" originy="263.77952755905" endx="0" endy="263.77952755905" width="7.8740157480314" />
    <arc layer="TOP_SILKSCREEN" originx="1.0381022375924E-14" originy="261.81102362204" startangle="90.0" sweepangle="180.0" radius="1.9685039370079" width="7.8740157480314" />
    <line layer="TOP_SILKSCREEN" originx="-185.03937007874" originy="98.425196850392" endx="-185.03937007874" endy="232.28346456693" width="3.9370078740157" />
    <line layer="TOP_SILKSCREEN" originx="-185.03937007874" originy="232.28346456693" endx="318.89763779527" endy="232.28346456693" width="3.9370078740157" />
    <line layer="TOP_SILKSCREEN" originx="318.89763779527" originy="232.28346456693" endx="318.89763779527" endy="98.425196850392" width="3.9370078740157" />
    <line layer="TOP_SILKSCREEN" originx="-185.03937007874" originy="-137.79527559055" endx="-185.03937007874" endy="-271.65354330708" width="3.9370078740157" />
    <line layer="TOP_SILKSCREEN" originx="-185.03937007874" originy="-271.65354330708" endx="318.89763779527" endy="-271.65354330708" width="3.9370078740157" />
    <line layer="TOP_SILKSCREEN" originx="318.89763779527" originy="-271.65354330708" endx="318.89763779527" endy="-137.79527559055" width="3.9370078740157" />
  </footprint>
  <symbol name="M8S-04PFFP-SF8001" originx="0" originy="0">
    <line originx="200" originy="300" endx="800" endy="300" width="0" />
    <line originx="800" originy="-300" endx="800" endy="300" width="0" />
    <line originx="800" originy="-300" endx="200" endy="-300" width="0" />
    <line originx="200" originy="300" endx="200" endy="-300" width="0" />
    <sympin number="1" originx="400" originy="300" rotation="90" length="100" width="7.8740157480315" flipped="False">
      <text name="pinname" originx="400" originy="270" style="Default" rotation="0" justify="right" flipped="False" hidden="False" data="1" />
      <text name="pindes" originx="380" originy="360" style="Default" rotation="0" justify="lowerleft" flipped="False" hidden="False" data="1" />
    </sympin>
    <sympin number="2" originx="400" originy="-300" rotation="270" length="100" width="7.8740157480315" flipped="False">
      <text name="pinname" originx="400" originy="-270" style="Default" rotation="0" justify="left" flipped="False" hidden="False" data="2" />
      <text name="pindes" originx="380" originy="-360" style="Default" rotation="0" justify="lowerright" flipped="False" hidden="False" data="2" />
    </sympin>
    <sympin number="3" originx="500" originy="300" rotation="90" length="100" width="7.8740157480315" flipped="False">
      <text name="pinname" originx="500" originy="270" style="Default" rotation="0" justify="right" flipped="False" hidden="False" data="3" />
      <text name="pindes" originx="480" originy="360" style="Default" rotation="0" justify="lowerleft" flipped="False" hidden="False" data="3" />
    </sympin>
    <sympin number="4" originx="500" originy="-300" rotation="270" length="100" width="7.8740157480315" flipped="False">
      <text name="pinname" originx="500" originy="-270" style="Default" rotation="0" justify="left" flipped="False" hidden="False" data="4" />
      <text name="pindes" originx="480" originy="-360" style="Default" rotation="0" justify="lowerright" flipped="False" hidden="False" data="4" />
    </sympin>
    <sympin number="5" originx="200" originy="0" rotation="180" length="100" width="7.8740157480315" flipped="False">
      <text name="pinname" originx="230" originy="0" style="Default" rotation="0" justify="left" flipped="False" hidden="False" data="MH1" />
      <text name="pindes" originx="140" originy="20" style="Default" rotation="0" justify="lowerright" flipped="False" hidden="False" data="MH1" />
    </sympin>
    <sympin number="6" originx="800" originy="0" rotation="0" length="100" width="7.8740157480315" flipped="False">
      <text name="pinname" originx="770" originy="0" style="Default" rotation="0" justify="right" flipped="False" hidden="False" data="MH2" />
      <text name="pindes" originx="860" originy="20" style="Default" rotation="0" justify="lowerleft" flipped="False" hidden="False" data="MH2" />
    </sympin>
  </symbol>
  <component name="M8S-04PFFP-SF8001" designatorprefix="J" height="600.39370078739" footprint="M8S04PFFPSF8001">
    <comppin designator="1" sympin="1" pinswap="0" gateswap="0" gate="1" group="1" side="" type="Any" name="1" />
    <comppin designator="2" sympin="2" pinswap="0" gateswap="0" gate="1" group="1" side="" type="Any" name="2" />
    <comppin designator="3" sympin="3" pinswap="0" gateswap="0" gate="1" group="1" side="" type="Any" name="3" />
    <comppin designator="4" sympin="4" pinswap="0" gateswap="0" gate="1" group="1" side="" type="Any" name="4" />
    <comppin designator="MH1" sympin="5" pinswap="0" gateswap="0" gate="1" group="1" side="" type="Any" name="MH1" />
    <comppin designator="MH2" sympin="6" pinswap="0" gateswap="0" gate="1" group="1" side="" type="Any" name="MH2" />
    <attached_symbol gate="1" name="M8S-04PFFP-SF8001" />
    <pinmap designator="1" footprintpin="1" />
    <pinmap designator="2" footprintpin="2" />
    <pinmap designator="3" footprintpin="3" />
    <pinmap designator="4" footprintpin="4" />
    <pinmap designator="MH1" footprintpin="5" />
    <pinmap designator="MH2" footprintpin="6" />
    <text name="Datasheet" originx="0" originy="0" style="Default" rotation="0" justify="" flipped="False" hidden="True" data="" />
    <text name="Description" originx="0" originy="0" style="Default" rotation="0" justify="" flipped="False" hidden="True" data="Connector: M8; female; PIN:4; straight; on PCBs; socket; 4A; IP68" />
    <text name="TME Electronic Components Part Number" originx="0" originy="0" style="Default" rotation="0" justify="" flipped="False" hidden="True" data="" />
    <text name="TME Electronic Components Price/Stock" originx="0" originy="0" style="Default" rotation="0" justify="" flipped="False" hidden="True" data="" />
    <text name="Manufacturer_Name" originx="0" originy="0" style="Default" rotation="0" justify="" flipped="False" hidden="True" data="Amphenol" />
    <text name="Manufacturer_Part_Number" originx="850" originy="400" style="Default" rotation="0" justify="left" flipped="False" hidden="False" data="M8S-04PFFP-SF8001" />
  </component>
</quadcept_library>
