<?xml version="1.0" encoding="utf-8"?>
<!--/13858094/1231078/2.50/5/2/Connector/-->
<quadcept_library>
  <setting unit="mil" />
  <textstyle name="Default" height="47.244094488189" strokewidth="7.8740157480315" charwidth="47.244094488189" />
  <textstyle name="Dimension" height="19.6850393700787" strokewidth="0" charwidth="19.6850393700787" />
  <textstyle name="H127W0635TH00762" height="50" strokewidth="3" charwidth="25" />
  <textstyle name="H15W15TH02" height="59.0551181102362" strokewidth="7.8740157480315" charwidth="59.0551181102362" />
  <padstyle name="c85_h50" surface="False" plated="True" isvia="False" nopaste="True" nomask="True" complex="False" holesize="19.685039370078">
    <padshape layer="TOP" shape="round" width="33.464566929133" height="33.464566929133" />
    <padshape layer="TOP_SOLDER_MASK" shape="round" width="41.338582677165" height="41.338582677165" />
    <padshape layer="INNER" shape="round" width="33.464566929133" height="33.464566929133" />
    <padshape layer="BOTTOM" shape="round" width="33.464566929133" height="33.464566929133" />
    <padshape layer="BOTTOM_SOLDER_MASK" shape="round" width="41.338582677165" height="41.338582677165" />
  </padstyle>
  <padstyle name="s85_h50" surface="False" plated="True" isvia="False" nopaste="True" nomask="True" complex="False" holesize="19.685039370078">
    <padshape layer="TOP" shape="square" width="33.464566929133" height="33.464566929133" />
    <padshape layer="TOP_SOLDER_MASK" shape="square" width="41.338582677165" height="41.338582677165" />
    <padshape layer="INNER" shape="round" width="33.464566929133" height="33.464566929133" />
    <padshape layer="BOTTOM" shape="square" width="33.464566929133" height="33.464566929133" />
    <padshape layer="BOTTOM_SOLDER_MASK" shape="square" width="41.338582677165" height="41.338582677165" />
  </padstyle>
  <footprint name="530480510" originx="0" originy="0" pickpointx="0" pickpointy="0">
    <pcbpin number="1" name="1" style="s85_h50" originx="0" originy="0" rotation="90" />
    <pcbpin number="2" name="2" style="c85_h50" originx="-49.212598425196" originy="0" rotation="90" />
    <pcbpin number="3" name="3" style="c85_h50" originx="-98.425196850392" originy="0" rotation="90" />
    <pcbpin number="4" name="4" style="c85_h50" originx="-147.63779527559" originy="0" rotation="90" />
    <pcbpin number="5" name="5" style="c85_h50" originx="-196.85039370078" originy="0" rotation="90" />
    <line layer="TOP_ASSEMBLY" originx="-255.90551181102" originy="175.1968503937" endx="59.055118110235" endy="175.1968503937" width="4.9999999999999" />
    <line layer="TOP_ASSEMBLY" originx="59.055118110235" originy="175.1968503937" endx="59.055118110235" endy="-41.338582677165" width="4.9999999999999" />
    <line layer="TOP_ASSEMBLY" originx="59.055118110235" originy="-41.338582677165" endx="-255.90551181102" endy="-41.338582677165" width="4.9999999999999" />
    <line layer="TOP_ASSEMBLY" originx="-255.90551181102" originy="-41.338582677165" endx="-255.90551181102" endy="175.1968503937" width="4.9999999999999" />
    <line layer="TOP_SILKSCREEN" originx="-255.90551181102" originy="175.1968503937" endx="59.055118110235" endy="175.1968503937" width="4.9999999999999" />
    <line layer="TOP_SILKSCREEN" originx="59.055118110235" originy="175.1968503937" endx="59.055118110235" endy="-41.338582677165" width="4.9999999999999" />
    <line layer="TOP_SILKSCREEN" originx="59.055118110235" originy="-41.338582677165" endx="-255.90551181102" endy="-41.338582677165" width="4.9999999999999" />
    <line layer="TOP_SILKSCREEN" originx="-255.90551181102" originy="-41.338582677165" endx="-255.90551181102" endy="175.1968503937" width="4.9999999999999" />
    <line layer="TOP_SILKSCREEN" originx="118.11023622047" originy="19.685039370078" endx="118.11023622047" endy="-19.685039370078" width="4.9999999999999" />
    <line layer="TOP_SILKSCREEN" originx="118.11023622047" originy="-19.685039370078" endx="78.740157480314" endy="0" width="4.9999999999999" />
    <line layer="TOP_SILKSCREEN" originx="78.740157480314" originy="0" endx="118.11023622047" endy="19.685039370078" width="4.9999999999999" />
    <line layer="TOP_ASSEMBLY" originx="118.11023622047" originy="19.685039370078" endx="118.11023622047" endy="-19.685039370078" width="4.9999999999999" />
    <line layer="TOP_ASSEMBLY" originx="118.11023622047" originy="-19.685039370078" endx="78.740157480314" endy="0" width="4.9999999999999" />
    <line layer="TOP_ASSEMBLY" originx="78.740157480314" originy="0" endx="118.11023622047" endy="19.685039370078" width="4.9999999999999" />
    <line layer="TOP_PLACE_BOUND" originx="-305.90551181102" originy="225.1968503937" endx="109.05511811023" endy="225.1968503937" width="1.9685039370079" />
    <line layer="TOP_PLACE_BOUND" originx="109.05511811023" originy="225.1968503937" endx="109.05511811023" endy="-91.338582677164" width="1.9685039370079" />
    <line layer="TOP_PLACE_BOUND" originx="109.05511811023" originy="-91.338582677164" endx="-305.90551181102" endy="-91.338582677164" width="1.9685039370079" />
    <line layer="TOP_PLACE_BOUND" originx="-305.90551181102" originy="-91.338582677164" endx="-305.90551181102" endy="225.1968503937" width="1.9685039370079" />
  </footprint>
  <symbol name="530480510" originx="0" originy="0">
    <line originx="200" originy="100" endx="600" endy="100" width="0" />
    <line originx="600" originy="-500" endx="600" endy="100" width="0" />
    <line originx="600" originy="-500" endx="200" endy="-500" width="0" />
    <line originx="200" originy="100" endx="200" endy="-500" width="0" />
    <sympin number="1" originx="200" originy="-400" rotation="180" length="100" width="7.8740157480315" flipped="False">
      <text name="pinname" originx="230" originy="-400" style="Default" rotation="0" justify="left" flipped="False" hidden="False" data="1" />
      <text name="pindes" originx="140" originy="-380" style="Default" rotation="0" justify="lowerright" flipped="False" hidden="False" data="1" />
    </sympin>
    <sympin number="2" originx="200" originy="-300" rotation="180" length="100" width="7.8740157480315" flipped="False">
      <text name="pinname" originx="230" originy="-300" style="Default" rotation="0" justify="left" flipped="False" hidden="False" data="2" />
      <text name="pindes" originx="140" originy="-280" style="Default" rotation="0" justify="lowerright" flipped="False" hidden="False" data="2" />
    </sympin>
    <sympin number="3" originx="200" originy="-200" rotation="180" length="100" width="7.8740157480315" flipped="False">
      <text name="pinname" originx="230" originy="-200" style="Default" rotation="0" justify="left" flipped="False" hidden="False" data="3" />
      <text name="pindes" originx="140" originy="-180" style="Default" rotation="0" justify="lowerright" flipped="False" hidden="False" data="3" />
    </sympin>
    <sympin number="4" originx="200" originy="-100" rotation="180" length="100" width="7.8740157480315" flipped="False">
      <text name="pinname" originx="230" originy="-100" style="Default" rotation="0" justify="left" flipped="False" hidden="False" data="4" />
      <text name="pindes" originx="140" originy="-80" style="Default" rotation="0" justify="lowerright" flipped="False" hidden="False" data="4" />
    </sympin>
    <sympin number="5" originx="200" originy="0" rotation="180" length="100" width="7.8740157480315" flipped="False">
      <text name="pinname" originx="230" originy="0" style="Default" rotation="0" justify="left" flipped="False" hidden="False" data="5" />
      <text name="pindes" originx="140" originy="20" style="Default" rotation="0" justify="lowerright" flipped="False" hidden="False" data="5" />
    </sympin>
  </symbol>
  <component name="530480510" designatorprefix="J" height="137.79527559055" footprint="530480510">
    <comppin designator="1" sympin="1" pinswap="0" gateswap="0" gate="1" group="1" side="" type="Any" name="1" />
    <comppin designator="2" sympin="2" pinswap="0" gateswap="0" gate="1" group="1" side="" type="Any" name="2" />
    <comppin designator="3" sympin="3" pinswap="0" gateswap="0" gate="1" group="1" side="" type="Any" name="3" />
    <comppin designator="4" sympin="4" pinswap="0" gateswap="0" gate="1" group="1" side="" type="Any" name="4" />
    <comppin designator="5" sympin="5" pinswap="0" gateswap="0" gate="1" group="1" side="" type="Any" name="5" />
    <attached_symbol gate="1" name="530480510" />
    <pinmap designator="1" footprintpin="1" />
    <pinmap designator="2" footprintpin="2" />
    <pinmap designator="3" footprintpin="3" />
    <pinmap designator="4" footprintpin="4" />
    <pinmap designator="5" footprintpin="5" />
    <text name="Datasheet" originx="0" originy="0" style="Default" rotation="0" justify="" flipped="False" hidden="True" data="https://www.molex.com/pdm_docs/sd/530480210_sd.pdf" />
    <text name="Description" originx="0" originy="0" style="Default" rotation="0" justify="" flipped="False" hidden="True" data="1.25mm Pitch, PicoBlade PCB Header, Single Row, Right-Angle, Through Hole, Tin (Sn) Plating, Friction Lock, 5 Circuits, Tray, 2.30mm PC Tail Length" />
    <text name="TME Electronic Components Part Number" originx="0" originy="0" style="Default" rotation="0" justify="" flipped="False" hidden="True" data="" />
    <text name="TME Electronic Components Price/Stock" originx="0" originy="0" style="Default" rotation="0" justify="" flipped="False" hidden="True" data="" />
    <text name="Manufacturer_Name" originx="0" originy="0" style="Default" rotation="0" justify="" flipped="False" hidden="True" data="Molex" />
    <text name="Manufacturer_Part_Number" originx="650" originy="200" style="Default" rotation="0" justify="left" flipped="False" hidden="False" data="530480510" />
  </component>
</quadcept_library>
